,lambd,p,true_label,ones_label,logit_gap,cert_r
0,0.25,29,1,1,0.75,1.5
1,0.25,23,2,1,0.0,0.0
2,0.25,37,2,1,0.0,0.0
3,0.25,22,1,1,0.25,0.5
4,0.25,33,2,2,1.0,2.0
5,0.25,21,0,1,0.75,1.5
6,0.25,38,1,1,0.375,0.75
7,0.25,27,2,2,0.5,1.0
8,0.25,23,2,2,0.5,1.0
9,0.25,22,2,1,0.0,0.0
10,0.25,35,2,2,0.25,0.5
11,0.25,21,0,1,0.25,0.5
12,0.25,31,1,1,1.0,2.0
13,0.25,17,2,2,0.75,1.5
14,0.25,29,1,1,1.0,2.0
15,0.25,28,1,1,0.0,0.0
16,0.25,33,1,1,0.5,1.0
17,0.25,38,1,1,0.0,0.0
18,0.25,23,1,1,0.75,1.5
19,0.25,31,1,1,0.25,0.5
20,0.25,19,1,1,0.125,0.25
21,0.25,40,2,2,0.5,1.0
22,0.25,25,2,1,0.75,1.5
23,0.25,43,2,1,0.5,1.0
24,0.25,24,1,1,0.75,1.5
25,0.25,22,2,2,0.25,0.5
26,0.25,28,2,2,0.5,1.0
27,0.25,20,2,1,0.0,0.0
28,0.25,28,2,1,0.5,1.0
29,0.25,38,2,1,0.0,0.0
30,0.25,16,2,1,0.0,0.0
31,0.25,25,1,1,0.5,1.0
32,0.25,24,1,1,0.5,1.0
33,0.25,16,2,1,0.5,1.0
34,0.25,26,2,2,1.0,2.0
35,0.25,29,1,1,1.0,2.0
36,0.25,42,2,1,0.0,0.0
37,0.25,30,1,1,1.0,2.0
38,0.25,36,0,1,0.375,0.75
39,0.25,36,1,1,0.75,1.5
40,0.25,36,1,1,0.25,0.5
41,0.25,31,1,1,0.75,1.5
42,0.25,27,2,2,1.0,2.0
43,0.25,27,1,1,0.5,1.0
44,0.25,58,1,1,0.5,1.0
45,0.25,20,1,1,0.25,0.5
46,0.25,36,0,1,0.5,1.0
47,0.25,32,2,2,0.75,1.5
48,0.25,30,1,1,0.25,0.5
49,0.25,38,2,2,0.5,1.0
50,0.25,35,2,2,1.0,2.0
51,0.25,29,1,2,0.75,1.5
52,0.25,18,1,2,0.25,0.5
53,0.25,20,1,1,0.0,0.0
54,0.25,32,2,1,0.0,0.0
55,0.25,29,1,2,0.375,0.75
56,0.25,34,0,1,0.25,0.5
57,0.25,30,2,2,0.5,1.0
58,0.25,41,0,2,0.125,0.25
59,0.25,21,1,1,1.0,2.0
60,0.25,37,2,1,0.5,1.0
61,0.25,37,1,2,0.375,0.75
62,0.25,39,1,2,0.5,1.0
63,0.25,39,2,2,1.0,2.0
64,0.25,14,2,2,0.25,0.5
65,0.25,21,1,2,0.5,1.0
66,0.25,35,1,1,0.0,0.0
67,0.25,29,2,2,0.75,1.5
68,0.25,25,2,2,1.0,2.0
69,0.25,18,2,1,0.0,0.0
70,0.25,35,0,1,0.25,0.5
71,0.25,32,2,2,1.0,2.0
72,0.25,33,1,1,1.0,2.0
73,0.25,24,2,1,0.25,0.5
74,0.25,28,2,1,0.0,0.0
75,0.25,33,1,2,0.25,0.5
76,0.25,17,1,1,0.75,1.5
77,0.25,28,1,2,1.0,2.0
78,0.25,18,2,1,0.25,0.5
79,0.25,19,2,1,0.25,0.5
80,0.25,23,2,2,0.75,1.5
81,0.25,24,2,2,0.5,1.0
82,0.25,29,2,2,0.5,1.0
83,0.25,28,0,1,0.125,0.25
84,0.25,31,1,1,0.375,0.75
85,0.25,18,1,1,1.0,2.0
86,0.25,30,1,1,0.0,0.0
87,0.25,25,1,1,0.375,0.75
88,0.25,37,2,2,0.375,0.75
89,0.25,24,2,2,0.75,1.5
90,0.25,25,0,1,0.25,0.5
91,0.25,38,1,1,0.125,0.25
92,0.25,12,1,1,0.5,1.0
93,0.25,22,1,1,0.375,0.75
94,0.25,26,1,0,0.0,0.0
95,0.25,40,2,2,0.125,0.25
96,0.25,30,0,1,0.0,0.0
97,0.25,27,1,1,0.5,1.0
98,0.25,28,1,1,0.75,1.5
99,0.25,18,2,1,0.5,1.0
100,0.25,42,2,2,1.0,2.0
101,0.25,36,1,1,1.0,2.0
102,0.25,15,1,1,0.5,1.0
103,0.25,28,2,1,0.5,1.0
104,0.25,24,1,1,0.0,0.0
105,0.25,32,2,1,0.0,0.0
106,0.25,54,0,0,0.5,1.0
107,0.25,25,1,1,1.0,2.0
108,0.25,28,1,2,0.5,1.0
109,0.25,31,1,1,1.0,2.0
110,0.25,32,2,1,0.25,0.5
111,0.25,34,2,1,0.0,0.0
112,0.25,33,2,1,0.0,0.0
113,0.25,25,2,2,0.25,0.5
114,0.25,31,1,1,1.0,2.0
115,0.25,20,2,2,1.0,2.0
116,0.25,19,1,1,0.125,0.25
117,0.25,29,0,1,0.375,0.75
118,0.25,21,2,2,0.25,0.5
119,0.25,41,1,1,0.0,0.0
120,0.25,29,2,1,0.25,0.5
121,0.25,19,1,1,1.0,2.0
122,0.25,29,0,0,0.25,0.5
123,0.25,34,1,1,1.0,2.0
124,0.25,30,2,1,0.5,1.0
125,0.25,33,2,1,0.25,0.5
126,0.25,31,2,2,1.0,2.0
127,0.25,23,1,1,1.0,2.0
128,0.25,44,0,0,0.0,0.0
129,0.25,23,1,1,0.75,1.5
130,0.25,25,2,2,1.0,2.0
131,0.25,29,2,2,0.25,0.5
132,0.25,34,2,2,1.0,2.0
133,0.25,31,2,1,0.0,0.0
134,0.25,38,1,1,0.5,1.0
135,0.25,12,1,1,0.75,1.5
136,0.25,23,1,1,0.75,1.5
137,0.25,29,1,1,0.5,1.0
138,0.25,24,1,1,0.25,0.5
139,0.25,33,2,2,1.0,2.0
140,0.25,27,2,1,0.25,0.5
141,0.25,7,2,1,0.0,0.0
142,0.25,41,1,1,0.5,1.0
143,0.25,36,2,2,0.5,1.0
144,0.25,27,2,2,1.0,2.0
145,0.25,17,2,1,0.25,0.5
146,0.25,34,1,1,0.0,0.0
147,0.25,29,1,1,0.5,1.0
148,0.25,22,2,1,0.0,0.0
149,0.25,57,1,1,0.5,1.0
150,0.25,29,1,1,0.5,1.0
151,0.25,37,0,0,0.625,1.25
152,0.25,27,2,1,0.0,0.0
153,0.25,31,1,1,1.0,2.0
154,0.25,28,1,1,0.75,1.5
155,0.25,30,1,1,0.25,0.5
156,0.25,18,1,1,1.0,2.0
157,0.25,35,2,2,0.25,0.5
158,0.25,36,1,1,1.0,2.0
159,0.25,34,1,1,1.0,2.0
160,0.25,35,1,0,0.375,0.75
161,0.25,30,1,2,0.25,0.5
162,0.25,24,2,2,1.0,2.0
163,0.25,15,1,2,0.125,0.25
164,0.25,40,1,1,1.0,2.0
165,0.25,32,0,1,0.75,1.5
166,0.25,31,1,1,0.75,1.5
167,0.25,29,1,1,1.0,2.0
168,0.25,25,1,1,1.0,2.0
169,0.25,26,1,1,0.75,1.5
170,0.25,28,0,0,0.25,0.5
171,0.25,32,2,2,1.0,2.0
172,0.25,31,1,1,0.75,1.5
173,0.25,28,0,0,0.75,1.5
174,0.25,24,1,2,0.25,0.5
175,0.25,36,0,0,0.25,0.5
176,0.25,32,2,1,0.0,0.0
177,0.25,29,0,1,0.125,0.25
178,0.25,27,2,1,0.5,1.0
179,0.25,44,1,1,0.25,0.5
180,0.25,36,1,1,0.75,1.5
181,0.25,30,1,2,0.25,0.5
182,0.25,24,2,1,0.25,0.5
183,0.25,37,2,2,0.25,0.5
184,0.25,26,2,2,0.75,1.5
185,0.25,24,1,1,1.0,2.0
186,0.25,17,1,1,0.5,1.0
187,0.25,25,2,2,1.0,2.0
188,0.25,18,1,1,1.0,2.0
189,0.25,35,2,2,0.75,1.5
190,0.25,37,2,2,0.25,0.5
191,0.25,20,2,2,1.0,2.0
192,0.25,27,2,2,0.25,0.5
193,0.25,20,2,2,0.5,1.0
194,0.25,26,1,1,1.0,2.0
195,0.25,29,2,2,0.375,0.75
196,0.25,28,1,2,0.25,0.5
197,0.25,31,2,1,0.0,0.0
198,0.25,30,1,2,0.5,1.0
199,0.25,28,2,1,1.0,2.0
200,0.25,22,2,2,0.25,0.5
201,0.25,27,0,1,0.25,0.5
202,0.25,35,2,1,0.0,0.0
203,0.25,29,0,1,0.75,1.5
204,0.25,20,2,2,0.25,0.5
205,0.25,48,2,2,0.25,0.5
206,0.25,33,2,1,0.0,0.0
207,0.25,17,2,1,0.0,0.0
208,0.25,42,1,1,0.625,1.25
209,0.25,33,0,0,0.125,0.25
210,0.25,34,1,0,0.125,0.25
211,0.25,39,2,2,0.5,1.0
212,0.25,33,2,2,0.25,0.5
213,0.25,27,1,1,0.0,0.0
214,0.25,12,1,1,0.25,0.5
215,0.25,26,1,1,1.0,2.0
216,0.25,38,0,2,0.5,1.0
217,0.25,28,2,1,0.5,1.0
218,0.25,31,2,2,0.5,1.0
219,0.25,27,1,1,0.25,0.5
220,0.25,49,1,1,1.0,2.0
221,0.25,32,1,1,0.5,1.0
222,0.25,16,1,1,0.25,0.5
223,0.25,42,0,1,0.0,0.0
224,0.25,24,2,2,0.25,0.5
225,0.25,34,2,2,0.125,0.25
226,0.25,34,2,1,1.0,2.0
227,0.25,18,1,1,0.0,0.0
228,0.25,36,1,1,0.0,0.0
229,0.25,26,1,1,0.5,1.0
230,0.25,23,1,1,0.75,1.5
231,0.25,36,1,1,0.5,1.0
232,0.25,28,1,1,1.0,2.0
233,0.25,27,1,1,0.75,1.5
234,0.25,31,2,2,1.0,2.0
235,0.25,28,1,1,0.75,1.5
236,0.25,25,1,1,0.25,0.5
237,0.25,29,1,1,0.75,1.5
238,0.25,28,1,1,0.5,1.0
239,0.25,34,2,1,0.5,1.0
240,0.25,43,2,2,1.0,2.0
241,0.25,30,2,2,1.0,2.0
242,0.25,28,1,1,0.5,1.0
243,0.25,27,2,1,0.5,1.0
244,0.25,31,1,1,0.5,1.0
245,0.25,35,1,1,0.5,1.0
246,0.25,29,2,1,0.0,0.0
247,0.25,37,2,2,1.0,2.0
248,0.25,25,0,0,0.125,0.25
249,0.25,33,0,1,0.25,0.5
250,0.25,30,2,2,0.5,1.0
251,0.25,38,2,2,0.75,1.5
252,0.25,28,2,2,0.75,1.5
253,0.25,32,2,2,0.5,1.0
254,0.25,17,2,1,0.125,0.25
255,0.25,26,0,1,0.0,0.0
256,0.25,31,2,2,1.0,2.0
257,0.25,32,2,2,0.75,1.5
258,0.25,37,1,1,0.5,1.0
259,0.25,25,2,1,0.5,1.0
260,0.25,30,2,2,0.5,1.0
261,0.25,37,1,1,1.0,2.0
262,0.25,33,2,2,0.5,1.0
263,0.25,37,0,1,0.25,0.5
264,0.25,39,0,0,0.75,1.5
265,0.25,38,1,1,0.125,0.25
266,0.25,25,1,1,0.25,0.5
267,0.25,37,2,2,0.25,0.5
268,0.25,29,0,1,0.5,1.0
269,0.25,25,2,1,0.0,0.0
270,0.25,21,2,1,1.0,2.0
271,0.25,34,0,1,0.0,0.0
272,0.25,32,1,1,0.25,0.5
273,0.25,34,1,1,0.75,1.5
274,0.25,21,0,1,0.375,0.75
275,0.25,18,1,1,0.75,1.5
276,0.25,32,1,1,0.5,1.0
277,0.25,12,1,1,1.0,2.0
278,0.25,18,1,1,0.25,0.5
279,0.25,29,2,1,0.75,1.5
280,0.25,21,2,1,0.0,0.0
281,0.25,31,2,1,0.0,0.0
282,0.25,28,1,2,0.5,1.0
283,0.25,24,2,1,0.0,0.0
284,0.25,28,0,2,0.375,0.75
285,0.25,30,2,2,1.0,2.0
286,0.25,38,0,1,0.5,1.0
287,0.25,27,2,2,0.25,0.5
288,0.25,35,1,1,0.375,0.75
289,0.25,34,1,1,0.0,0.0
290,0.25,23,2,2,1.0,2.0
291,0.25,37,2,1,0.0,0.0
292,0.25,44,2,2,0.5,1.0
293,0.25,19,1,1,1.0,2.0
294,0.25,32,2,1,0.75,1.5
295,0.25,36,0,1,0.75,1.5
296,0.25,41,1,1,0.5,1.0
297,0.25,46,2,2,0.25,0.5
298,0.25,32,2,2,0.75,1.5
299,0.25,27,2,1,0.0,0.0
300,0.25,23,2,2,0.75,1.5
301,0.25,50,2,2,1.0,2.0
302,0.25,35,2,1,0.5,1.0
303,0.25,42,1,1,0.75,1.5
304,0.25,21,1,1,0.25,0.5
305,0.25,28,1,1,0.5,1.0
306,0.25,19,1,1,1.0,2.0
307,0.25,19,2,2,0.25,0.5
308,0.25,37,2,2,1.0,2.0
309,0.25,17,1,1,0.0,0.0
310,0.25,49,2,2,0.75,1.5
311,0.25,35,0,2,0.5,1.0
312,0.25,30,1,1,0.5,1.0
313,0.25,22,2,2,1.0,2.0
314,0.25,28,1,1,0.0,0.0
315,0.25,23,0,1,1.0,2.0
316,0.25,28,1,1,0.375,0.75
317,0.25,47,1,1,1.0,2.0
318,0.25,20,1,1,0.75,1.5
319,0.25,22,1,1,1.0,2.0
320,0.25,34,1,1,1.0,2.0
321,0.25,21,1,1,0.0,0.0
322,0.25,35,1,1,0.75,1.5
323,0.25,26,2,2,0.25,0.5
324,0.25,19,0,1,0.0,0.0
325,0.25,26,0,1,0.5,1.0
326,0.25,30,0,0,0.0,0.0
327,0.25,31,2,2,0.75,1.5
328,0.25,34,2,2,1.0,2.0
329,0.25,27,0,0,0.25,0.5
330,0.25,39,0,1,0.375,0.75
331,0.25,35,0,1,0.0,0.0
332,0.25,32,2,1,0.25,0.5
333,0.25,40,0,1,0.25,0.5
334,0.25,25,2,1,1.0,2.0
335,0.25,19,0,1,0.5,1.0
336,0.25,27,0,1,0.75,1.5
337,0.25,19,1,2,0.5,1.0
338,0.25,37,0,0,0.125,0.25
339,0.25,41,2,2,0.25,0.5
340,0.25,33,1,1,0.625,1.25
341,0.25,32,2,1,0.5,1.0
342,0.25,21,2,1,0.75,1.5
343,0.25,40,1,1,1.0,2.0
344,0.25,32,2,2,0.5,1.0
345,0.25,40,2,2,0.25,0.5
346,0.25,32,2,2,0.5,1.0
347,0.25,29,1,1,0.5,1.0
348,0.25,27,1,1,0.75,1.5
349,0.25,40,1,2,0.5,1.0
350,0.25,27,1,2,0.25,0.5
351,0.25,42,2,2,1.0,2.0
352,0.25,22,1,1,1.0,2.0
353,0.25,42,0,0,0.75,1.5
354,0.25,29,2,1,0.125,0.25
355,0.25,33,2,2,0.75,1.5
356,0.25,13,1,1,0.0,0.0
357,0.25,28,1,1,0.5,1.0
358,0.25,33,0,0,0.0,0.0
359,0.25,34,0,2,0.375,0.75
360,0.25,9,1,1,1.0,2.0
361,0.25,28,1,1,0.0,0.0
362,0.25,12,1,1,0.5,1.0
363,0.25,19,2,1,0.0,0.0
364,0.25,26,1,1,1.0,2.0
365,0.25,33,1,1,0.75,1.5
366,0.25,27,0,0,0.5,1.0
367,0.25,33,1,1,0.75,1.5
368,0.25,33,2,2,0.5,1.0
369,0.25,33,1,1,0.375,0.75
370,0.25,35,1,1,0.5,1.0
371,0.25,22,2,2,0.25,0.5
372,0.25,16,2,1,0.0,0.0
373,0.25,27,1,1,0.25,0.5
374,0.25,36,0,1,0.0,0.0
375,0.25,39,0,1,0.0,0.0
376,0.25,46,1,1,0.375,0.75
377,0.25,33,2,2,0.25,0.5
378,0.25,33,0,1,1.0,2.0
379,0.25,32,1,1,0.75,1.5
380,0.25,27,1,1,0.0,0.0
381,0.25,25,1,1,0.75,1.5
382,0.25,33,0,1,0.375,0.75
383,0.25,40,2,2,0.125,0.25
384,0.25,33,2,2,1.0,2.0
385,0.25,32,2,2,0.5,1.0
386,0.25,25,0,0,0.5,1.0
387,0.25,40,1,1,1.0,2.0
388,0.25,17,1,1,1.0,2.0
389,0.25,33,0,1,0.5,1.0
390,0.25,39,1,2,0.25,0.5
391,0.25,27,0,1,0.125,0.25
392,0.25,23,2,2,0.25,0.5
393,0.25,32,2,2,0.25,0.5
394,0.25,25,2,2,0.75,1.5
395,0.25,43,2,2,0.125,0.25
396,0.25,30,2,1,0.25,0.5
397,0.25,28,0,1,0.25,0.5
398,0.25,19,0,1,0.125,0.25
399,0.25,26,2,2,0.25,0.5
400,0.25,32,1,1,0.25,0.5
401,0.25,12,1,1,0.75,1.5
402,0.25,14,1,1,1.0,2.0
403,0.25,8,2,1,0.25,0.5
404,0.25,27,1,2,0.25,0.5
405,0.25,32,1,1,1.0,2.0
406,0.25,34,1,1,0.0,0.0
407,0.25,29,2,2,0.5,1.0
408,0.25,23,1,1,0.25,0.5
409,0.25,23,2,1,0.5,1.0
410,0.25,46,1,1,0.0,0.0
411,0.25,44,2,2,0.25,0.5
412,0.25,29,2,2,0.5,1.0
413,0.25,31,1,1,1.0,2.0
414,0.25,35,1,1,0.25,0.5
415,0.25,32,2,2,0.5,1.0
416,0.25,32,0,1,0.0,0.0
417,0.25,25,2,2,0.25,0.5
418,0.25,33,2,2,0.25,0.5
419,0.25,40,1,1,1.0,2.0
420,0.25,26,1,2,0.5,1.0
421,0.25,27,2,2,0.75,1.5
422,0.25,35,2,2,1.0,2.0
423,0.25,18,2,1,0.0,0.0
424,0.25,22,1,1,0.5,1.0
425,0.25,32,1,1,0.5,1.0
426,0.25,31,1,1,0.75,1.5
427,0.25,36,1,1,0.5,1.0
428,0.25,24,2,1,0.5,1.0
429,0.25,29,2,2,1.0,2.0
430,0.25,18,2,1,0.0,0.0
431,0.25,15,2,2,1.0,2.0
432,0.25,23,0,0,0.75,1.5
433,0.25,36,0,1,0.75,1.5
434,0.25,26,2,2,0.5,1.0
435,0.25,22,2,2,0.5,1.0
436,0.25,28,2,1,0.0,0.0
437,0.25,26,2,1,1.0,2.0
438,0.25,39,0,1,0.0,0.0
439,0.25,27,1,1,1.0,2.0
440,0.25,13,0,1,0.0,0.0
441,0.25,31,1,1,0.0,0.0
442,0.25,30,1,2,0.25,0.5
443,0.25,36,2,2,1.0,2.0
444,0.25,39,1,1,1.0,2.0
445,0.25,26,2,2,0.75,1.5
446,0.25,29,1,1,0.75,1.5
447,0.25,37,2,2,0.25,0.5
448,0.25,29,1,2,0.25,0.5
449,0.25,29,1,2,0.25,0.5
450,0.25,39,0,0,0.25,0.5
451,0.25,26,0,2,0.25,0.5
452,0.25,23,1,2,0.5,1.0
453,0.25,33,2,1,0.25,0.5
454,0.25,32,2,2,1.0,2.0
455,0.25,37,0,0,0.125,0.25
456,0.25,30,2,1,0.5,1.0
457,0.25,17,2,2,0.5,1.0
458,0.25,21,1,2,1.0,2.0
459,0.25,30,2,2,0.75,1.5
460,0.25,33,1,1,0.25,0.5
461,0.25,29,0,1,0.25,0.5
462,0.25,36,0,1,0.25,0.5
463,0.25,22,1,1,1.0,2.0
464,0.25,34,2,2,0.75,1.5
465,0.25,31,2,2,0.25,0.5
466,0.25,35,1,1,0.5,1.0
467,0.25,29,1,1,1.0,2.0
468,0.25,14,1,1,1.0,2.0
469,0.25,45,1,2,0.25,0.5
470,0.25,17,1,1,1.0,2.0
471,0.25,31,2,2,1.0,2.0
472,0.25,39,0,1,0.125,0.25
473,0.25,41,1,1,0.25,0.5
474,0.25,14,2,1,0.75,1.5
475,0.25,27,2,2,0.25,0.5
476,0.25,32,1,0,0.0,0.0
477,0.25,38,2,2,0.25,0.5
478,0.25,27,1,1,1.0,2.0
479,0.25,28,2,2,1.0,2.0
480,0.25,36,2,1,0.0,0.0
481,0.25,38,2,2,0.5,1.0
482,0.25,26,2,2,1.0,2.0
483,0.25,23,1,1,0.25,0.5
484,0.25,18,2,1,0.25,0.5
485,0.25,27,2,2,1.0,2.0
486,0.25,35,2,2,1.0,2.0
487,0.25,28,1,1,1.0,2.0
488,0.25,25,1,1,0.75,1.5
489,0.25,32,1,1,1.0,2.0
490,0.25,23,0,1,0.0,0.0
491,0.25,23,0,0,0.125,0.25
492,0.25,34,2,2,0.5,1.0
493,0.25,43,2,1,0.5,1.0
494,0.25,37,2,1,0.5,1.0
495,0.25,48,1,1,0.25,0.5
496,0.25,39,0,0,0.25,0.5
497,0.25,28,1,1,1.0,2.0
498,0.25,36,1,0,0.75,1.5
499,0.25,31,2,2,1.0,2.0
500,0.25,29,1,2,0.25,0.5
501,0.25,30,0,1,0.125,0.25
502,0.25,28,2,1,1.0,2.0
503,0.25,23,2,2,1.0,2.0
504,0.25,35,0,1,0.0,0.0
505,0.25,33,2,2,0.25,0.5
506,0.25,32,1,2,0.25,0.5
507,0.25,20,2,1,0.0,0.0
508,0.25,24,1,1,0.75,1.5
509,0.25,24,2,2,0.25,0.5
510,0.25,22,2,1,0.0,0.0
511,0.25,22,2,2,0.25,0.5
512,0.25,30,2,1,0.5,1.0
513,0.25,27,1,1,0.5,1.0
514,0.25,24,2,2,0.125,0.25
515,0.25,34,1,1,1.0,2.0
516,0.25,32,1,1,1.0,2.0
517,0.25,31,2,2,0.5,1.0
518,0.25,19,2,2,0.5,1.0
519,0.25,32,1,2,0.25,0.5
520,0.25,26,2,2,0.5,1.0
521,0.25,37,1,1,1.0,2.0
522,0.25,13,2,1,0.5,1.0
523,0.25,16,2,1,0.25,0.5
524,0.25,29,2,2,0.75,1.5
525,0.25,25,1,2,0.75,1.5
526,0.25,28,1,1,0.75,1.5
527,0.25,26,2,2,0.5,1.0
528,0.25,32,2,1,0.25,0.5
529,0.25,42,2,2,1.0,2.0
530,0.25,28,2,2,0.25,0.5
531,0.25,23,1,1,0.0,0.0
532,0.25,19,1,0,0.125,0.25
533,0.25,29,2,2,0.5,1.0
534,0.25,21,2,2,0.75,1.5
535,0.25,32,0,0,0.75,1.5
536,0.25,14,1,1,0.25,0.5
537,0.25,31,2,2,0.75,1.5
538,0.25,33,2,1,0.5,1.0
539,0.25,33,1,1,0.75,1.5
540,0.25,26,0,1,0.0,0.0
541,0.25,33,0,1,0.25,0.5
542,0.25,26,2,2,0.75,1.5
543,0.25,34,1,1,0.125,0.25
544,0.25,24,1,2,1.0,2.0
545,0.25,22,1,1,1.0,2.0
546,0.25,37,1,1,0.0,0.0
547,0.25,31,2,2,1.0,2.0
548,0.25,33,1,1,1.0,2.0
549,0.25,27,0,2,0.5,1.0
550,0.25,32,2,2,0.25,0.5
551,0.25,25,1,1,1.0,2.0
552,0.25,27,2,1,0.25,0.5
553,0.25,12,1,1,0.5,1.0
554,0.25,29,2,2,0.25,0.5
555,0.25,34,0,1,0.75,1.5
556,0.25,37,2,2,0.75,1.5
557,0.25,19,2,1,0.5,1.0
558,0.25,42,2,2,0.5,1.0
559,0.25,32,2,2,0.5,1.0
560,0.25,36,2,1,0.0,0.0
561,0.25,35,1,1,0.75,1.5
562,0.25,30,1,1,0.25,0.5
563,0.25,24,0,0,0.125,0.25
564,0.25,51,1,1,0.75,1.5
565,0.25,37,1,1,0.75,1.5
566,0.25,22,2,1,0.0,0.0
567,0.25,41,1,1,0.0,0.0
568,0.25,19,2,2,0.5,1.0
569,0.25,46,1,1,1.0,2.0
570,0.25,33,1,1,0.125,0.25
571,0.25,47,1,1,1.0,2.0
572,0.25,30,2,2,0.5,1.0
573,0.25,22,1,1,0.0,0.0
574,0.25,12,2,1,0.5,1.0
575,0.25,22,1,2,0.25,0.5
576,0.25,31,1,1,1.0,2.0
577,0.25,38,1,1,0.625,1.25
578,0.25,27,2,1,0.0,0.0
579,0.25,22,2,2,1.0,2.0
580,0.25,38,1,1,0.5,1.0
581,0.25,21,2,1,0.25,0.5
582,0.25,27,1,2,0.25,0.5
583,0.25,32,2,1,0.75,1.5
584,0.25,23,1,1,0.25,0.5
585,0.25,32,2,2,0.5,1.0
586,0.25,23,2,1,0.0,0.0
587,0.25,40,1,1,0.75,1.5
588,0.25,26,0,1,0.25,0.5
589,0.25,27,1,1,0.5,1.0
590,0.25,33,1,1,0.5,1.0
591,0.25,24,0,1,0.5,1.0
592,0.25,38,2,2,0.75,1.5
593,0.25,27,2,2,0.75,1.5
594,0.25,33,2,2,0.5,1.0
595,0.25,25,1,1,1.0,2.0
596,0.25,50,1,1,1.0,2.0
597,0.25,14,2,1,0.5,1.0
598,0.25,18,0,1,0.625,1.25
599,0.25,38,2,1,0.5,1.0
600,0.25,30,0,1,0.0,0.0
601,0.25,19,0,1,0.25,0.5
602,0.25,27,1,1,0.75,1.5
603,0.25,38,0,1,0.375,0.75
604,0.25,19,1,1,1.0,2.0
605,0.25,19,2,1,0.0,0.0
606,0.25,36,2,2,1.0,2.0
607,0.25,35,0,1,0.25,0.5
608,0.25,22,0,2,0.125,0.25
609,0.25,33,1,1,0.5,1.0
610,0.25,34,1,2,0.75,1.5
611,0.25,24,2,1,0.0,0.0
612,0.25,25,1,1,0.5,1.0
613,0.25,35,2,2,0.25,0.5
614,0.25,14,1,1,0.5,1.0
615,0.25,31,2,2,0.5,1.0
616,0.25,42,1,1,1.0,2.0
617,0.25,29,2,2,0.25,0.5
618,0.25,43,0,2,0.5,1.0
619,0.25,35,1,1,0.375,0.75
620,0.25,14,2,2,0.5,1.0
621,0.25,29,0,0,0.5,1.0
622,0.25,22,1,1,1.0,2.0
623,0.25,37,0,0,0.375,0.75
624,0.25,16,1,1,0.5,1.0
625,0.25,32,0,1,0.0,0.0
626,0.25,36,1,2,0.25,0.5
627,0.25,31,1,0,0.0,0.0
628,0.25,33,0,1,0.25,0.5
629,0.25,31,2,1,1.0,2.0
630,0.25,37,1,1,0.25,0.5
631,0.25,34,2,2,1.0,2.0
632,0.25,24,2,1,0.125,0.25
633,0.25,23,2,2,0.75,1.5
634,0.25,26,0,1,0.375,0.75
635,0.25,35,2,0,0.125,0.25
636,0.25,35,2,2,0.75,1.5
637,0.25,14,1,1,1.0,2.0
638,0.25,28,2,2,0.25,0.5
639,0.25,19,1,2,0.75,1.5
640,0.25,25,1,1,0.25,0.5
641,0.25,23,1,1,0.75,1.5
642,0.25,23,2,1,0.0,0.0
643,0.25,29,1,1,0.625,1.25
644,0.25,13,1,1,0.75,1.5
645,0.25,25,2,2,0.75,1.5
646,0.25,17,1,1,1.0,2.0
647,0.25,28,2,2,0.5,1.0
648,0.25,30,0,1,0.25,0.5
649,0.25,38,1,1,1.0,2.0
650,0.25,13,1,1,0.75,1.5
651,0.25,25,0,1,0.0,0.0
652,0.25,32,1,1,0.75,1.5
653,0.25,23,2,2,0.5,1.0
654,0.25,36,1,1,1.0,2.0
655,0.25,33,1,1,0.25,0.5
656,0.25,25,1,1,0.5,1.0
657,0.25,37,2,2,0.75,1.5
658,0.25,20,2,1,0.5,1.0
659,0.25,15,1,1,0.5,1.0
660,0.25,31,2,0,0.125,0.25
661,0.25,35,2,2,0.75,1.5
662,0.25,37,1,1,0.75,1.5
663,0.25,28,2,1,0.0,0.0
664,0.25,23,1,1,0.5,1.0
665,0.25,23,2,2,0.5,1.0
666,0.25,31,1,0,0.375,0.75
667,0.25,28,1,1,0.75,1.5
668,0.25,35,2,1,0.0,0.0
669,0.25,33,1,1,0.0,0.0
670,0.25,38,1,1,0.0,0.0
671,0.25,10,0,1,0.5,1.0
672,0.25,27,0,2,0.125,0.25
673,0.25,22,2,1,0.375,0.75
674,0.25,33,2,2,0.5,1.0
675,0.25,29,1,1,1.0,2.0
676,0.25,27,0,1,0.375,0.75
677,0.25,34,1,1,0.25,0.5
678,0.25,18,2,2,0.125,0.25
679,0.25,30,2,2,1.0,2.0
680,0.25,23,2,1,0.5,1.0
681,0.25,27,1,1,1.0,2.0
682,0.25,25,1,1,0.5,1.0
683,0.25,42,1,1,0.0,0.0
684,0.25,33,2,2,0.375,0.75
685,0.25,35,0,1,0.5,1.0
686,0.25,33,2,1,0.5,1.0
687,0.25,33,2,2,0.75,1.5
688,0.25,34,1,1,0.5,1.0
689,0.25,19,1,1,0.75,1.5
690,0.25,19,2,1,0.25,0.5
691,0.25,42,1,1,1.0,2.0
692,0.25,35,2,2,0.25,0.5
693,0.25,33,2,1,0.25,0.5
694,0.25,29,1,1,0.25,0.5
695,0.25,34,1,1,0.0,0.0
696,0.25,25,0,1,0.25,0.5
697,0.25,32,1,2,0.25,0.5
698,0.25,25,1,1,0.25,0.5
699,0.25,31,1,2,0.25,0.5
700,0.25,23,0,1,0.25,0.5
701,0.25,37,1,1,1.0,2.0
702,0.25,24,1,1,0.75,1.5
703,0.25,22,2,1,0.0,0.0
704,0.25,25,1,1,0.0,0.0
705,0.25,21,2,2,0.5,1.0
706,0.25,21,1,1,0.25,0.5
707,0.25,14,1,1,0.75,1.5
708,0.25,23,1,1,0.75,1.5
709,0.25,49,0,1,0.0,0.0
710,0.25,24,2,2,0.75,1.5
711,0.25,30,2,2,0.625,1.25
712,0.25,33,1,1,0.75,1.5
713,0.25,31,0,1,0.25,0.5
714,0.25,22,1,1,1.0,2.0
715,0.25,38,2,1,1.0,2.0
716,0.25,42,2,1,0.75,1.5
717,0.25,29,2,1,0.0,0.0
718,0.25,34,1,1,0.5,1.0
719,0.25,26,1,1,0.375,0.75
720,0.25,28,1,1,0.0,0.0
721,0.25,30,1,1,1.0,2.0
722,0.25,11,0,0,0.0,0.0
723,0.25,32,2,1,0.5,1.0
724,0.25,29,2,1,0.0,0.0
725,0.25,27,2,1,0.5,1.0
726,0.25,28,0,1,0.75,1.5
727,0.25,25,1,1,0.5,1.0
728,0.25,25,1,1,0.75,1.5
729,0.25,35,1,1,0.25,0.5
730,0.25,19,2,2,0.25,0.5
731,0.25,37,2,1,0.5,1.0
732,0.25,35,1,1,0.5,1.0
733,0.25,25,1,1,1.0,2.0
734,0.25,35,2,2,0.5,1.0
735,0.25,30,1,1,0.25,0.5
736,0.25,32,2,2,0.5,1.0
737,0.25,37,2,1,0.75,1.5
738,0.25,36,0,1,0.25,0.5
739,0.25,39,1,1,0.75,1.5
740,0.25,25,1,1,0.25,0.5
741,0.25,15,1,1,0.625,1.25
742,0.25,15,2,1,0.0,0.0
743,0.25,38,2,2,0.25,0.5
744,0.25,31,2,2,0.75,1.5
745,0.25,28,2,2,0.5,1.0
746,0.25,27,1,2,0.25,0.5
747,0.25,44,0,1,0.0,0.0
748,0.25,33,1,1,1.0,2.0
749,0.25,44,0,1,0.5,1.0
750,0.25,12,2,2,0.5,1.0
751,0.25,25,2,2,0.25,0.5
752,0.25,29,1,1,0.0,0.0
753,0.25,34,2,2,1.0,2.0
754,0.25,41,1,2,0.5,1.0
755,0.25,26,1,1,0.75,1.5
756,0.25,25,0,1,0.25,0.5
757,0.25,21,1,1,0.75,1.5
758,0.25,24,2,1,0.0,0.0
759,0.25,36,2,2,1.0,2.0
760,0.25,33,2,2,0.75,1.5
761,0.25,25,1,1,1.0,2.0
762,0.25,31,2,1,0.25,0.5
763,0.25,29,2,2,0.75,1.5
764,0.25,26,2,1,0.0,0.0
765,0.25,29,2,1,0.75,1.5
766,0.25,16,1,2,0.5,1.0
767,0.25,28,2,1,0.5,1.0
768,0.25,25,1,2,0.25,0.5
769,0.25,38,1,1,0.375,0.75
770,0.25,35,1,1,0.0,0.0
771,0.25,32,2,1,0.25,0.5
772,0.25,30,2,2,0.25,0.5
773,0.25,23,1,1,1.0,2.0
774,0.25,24,1,1,0.25,0.5
775,0.25,37,1,1,1.0,2.0
776,0.25,16,2,1,1.0,2.0
777,0.25,18,1,1,1.0,2.0
778,0.25,31,2,2,0.5,1.0
779,0.25,34,2,1,0.75,1.5
780,0.25,27,0,1,0.0,0.0
781,0.25,25,2,2,0.5,1.0
782,0.25,37,2,2,0.375,0.75
783,0.25,14,2,1,0.0,0.0
784,0.25,23,2,1,0.25,0.5
785,0.25,35,1,1,0.625,1.25
786,0.25,20,1,1,0.25,0.5
787,0.25,40,1,1,0.75,1.5
788,0.25,27,2,2,1.0,2.0
789,0.25,23,1,1,0.5,1.0
790,0.25,29,1,1,0.5,1.0
791,0.25,29,2,2,1.0,2.0
792,0.25,17,2,1,0.0,0.0
793,0.25,37,2,2,0.25,0.5
794,0.25,24,0,1,0.25,0.5
795,0.25,29,1,1,1.0,2.0
796,0.25,17,1,1,0.25,0.5
797,0.25,26,1,1,0.5,1.0
798,0.25,35,1,1,0.5,1.0
799,0.25,17,0,1,0.375,0.75
800,0.25,27,1,1,0.75,1.5
801,0.25,18,1,2,0.25,0.5
802,0.25,33,2,2,0.5,1.0
803,0.25,20,1,1,0.25,0.5
804,0.25,14,1,1,0.25,0.5
805,0.25,28,1,1,0.75,1.5
806,0.25,23,0,1,0.25,0.5
807,0.25,29,2,1,0.125,0.25
808,0.25,24,1,1,0.5,1.0
809,0.25,20,2,1,0.0,0.0
810,0.25,29,0,1,0.0,0.0
811,0.25,16,1,1,1.0,2.0
812,0.25,31,1,1,1.0,2.0
813,0.25,32,1,1,0.25,0.5
814,0.25,35,0,1,0.125,0.25
815,0.25,39,1,1,1.0,2.0
816,0.25,29,1,1,0.75,1.5
817,0.25,30,2,1,0.0,0.0
818,0.25,9,2,1,0.5,1.0
819,0.25,34,1,1,0.0,0.0
820,0.25,11,2,1,0.25,0.5
821,0.25,34,0,0,0.125,0.25
822,0.25,23,2,1,0.75,1.5
823,0.25,44,2,2,0.125,0.25
824,0.25,30,1,1,1.0,2.0
825,0.25,29,2,2,0.25,0.5
826,0.25,38,2,1,0.0,0.0
827,0.25,33,1,2,0.375,0.75
828,0.25,30,0,1,1.0,2.0
829,0.25,38,1,2,0.75,1.5
830,0.25,38,2,2,0.5,1.0
831,0.25,29,2,1,0.0,0.0
832,0.25,38,2,2,0.5,1.0
833,0.25,36,1,2,0.25,0.5
834,0.25,39,0,1,1.0,2.0
835,0.25,36,1,1,1.0,2.0
836,0.25,20,1,1,1.0,2.0
837,0.25,19,1,1,0.75,1.5
838,0.25,26,1,1,0.5,1.0
839,0.25,39,2,2,0.75,1.5
840,0.25,23,2,2,1.0,2.0
841,0.25,33,2,1,1.0,2.0
842,0.25,27,2,1,0.25,0.5
843,0.25,21,1,1,1.0,2.0
844,0.25,34,2,1,0.25,0.5
845,0.25,31,1,1,0.5,1.0
846,0.25,38,1,1,0.25,0.5
847,0.25,41,2,0,0.25,0.5
848,0.25,33,2,1,0.0,0.0
849,0.25,33,0,1,0.375,0.75
850,0.25,20,2,1,0.0,0.0
851,0.25,26,1,1,0.75,1.5
852,0.25,31,1,1,0.0,0.0
853,0.25,37,1,1,0.125,0.25
854,0.25,32,1,1,0.5,1.0
855,0.25,27,0,1,0.75,1.5
856,0.25,31,1,1,0.0,0.0
857,0.25,26,1,1,0.5,1.0
858,0.25,35,2,2,0.25,0.5
859,0.25,13,2,2,0.5,1.0
860,0.25,35,2,2,0.75,1.5
861,0.25,38,2,1,1.0,2.0
862,0.25,26,1,1,0.375,0.75
863,0.25,16,0,1,0.75,1.5
864,0.25,33,0,1,0.125,0.25
865,0.25,33,0,2,0.5,1.0
866,0.25,25,2,2,0.75,1.5
867,0.25,17,1,1,0.25,0.5
868,0.25,34,1,0,0.25,0.5
869,0.25,28,2,2,0.75,1.5
870,0.25,25,1,2,0.25,0.5
871,0.25,29,2,2,1.0,2.0
872,0.25,30,0,1,0.0,0.0
873,0.25,30,2,2,1.0,2.0
874,0.25,41,1,1,1.0,2.0
875,0.25,35,1,1,1.0,2.0
876,0.25,30,2,1,0.0,0.0
877,0.25,32,0,1,0.375,0.75
878,0.25,16,1,1,1.0,2.0
879,0.25,33,2,2,1.0,2.0
880,0.25,28,1,1,1.0,2.0
881,0.25,43,0,2,0.375,0.75
882,0.25,20,2,2,1.0,2.0
883,0.25,19,0,0,0.75,1.5
884,0.25,17,1,1,1.0,2.0
885,0.25,14,1,1,0.625,1.25
886,0.25,22,1,1,1.0,2.0
887,0.25,28,1,1,1.0,2.0
888,0.25,30,1,1,0.0,0.0
889,0.25,12,2,1,0.5,1.0
890,0.25,35,0,0,0.25,0.5
891,0.25,28,0,1,1.0,2.0
892,0.25,35,2,2,0.75,1.5
893,0.25,11,1,1,1.0,2.0
894,0.25,26,2,1,0.75,1.5
895,0.25,35,2,1,0.25,0.5
896,0.25,32,1,1,0.0,0.0
897,0.25,31,2,2,0.25,0.5
898,0.25,10,1,1,1.0,2.0
899,0.25,32,2,2,0.25,0.5
900,0.25,32,1,1,1.0,2.0
901,0.25,31,1,1,1.0,2.0
902,0.25,28,2,1,0.5,1.0
903,0.25,24,0,0,0.625,1.25
904,0.25,40,1,1,0.375,0.75
905,0.25,45,2,1,0.0,0.0
906,0.25,32,2,2,1.0,2.0
907,0.25,43,0,1,0.625,1.25
908,0.25,14,2,1,0.5,1.0
909,0.25,21,1,1,1.0,2.0
910,0.25,29,2,1,0.0,0.0
911,0.25,41,1,1,0.75,1.5
912,0.25,29,2,2,0.5,1.0
913,0.25,13,2,2,0.25,0.5
914,0.25,29,2,1,0.5,1.0
915,0.25,14,2,1,0.0,0.0
916,0.25,36,2,2,0.5,1.0
917,0.25,34,2,1,0.0,0.0
918,0.25,25,0,1,0.625,1.25
919,0.25,18,1,1,0.75,1.5
920,0.25,32,2,1,0.5,1.0
921,0.25,20,2,1,0.0,0.0
922,0.25,24,2,1,0.25,0.5
923,0.25,37,1,1,1.0,2.0
924,0.25,32,2,1,0.75,1.5
925,0.25,36,1,1,0.5,1.0
926,0.25,33,0,0,0.125,0.25
927,0.25,39,0,2,0.375,0.75
928,0.25,25,2,2,0.125,0.25
929,0.25,27,1,1,0.0,0.0
930,0.25,22,0,1,1.0,2.0
931,0.25,28,2,1,0.5,1.0
932,0.25,26,0,1,0.0,0.0
933,0.25,31,2,1,0.5,1.0
934,0.25,29,0,0,0.0,0.0
935,0.25,33,1,1,0.5,1.0
936,0.25,15,1,1,1.0,2.0
937,0.25,29,1,1,0.375,0.75
938,0.25,33,0,1,0.375,0.75
939,0.25,22,2,2,0.25,0.5
940,0.25,38,2,2,0.25,0.5
941,0.25,18,1,1,0.25,0.5
942,0.25,21,1,1,0.0,0.0
943,0.25,30,0,0,0.25,0.5
944,0.25,35,2,2,0.25,0.5
945,0.25,19,1,1,1.0,2.0
946,0.25,15,2,1,0.0,0.0
947,0.25,20,2,2,0.75,1.5
948,0.25,36,1,1,0.0,0.0
949,0.25,38,2,1,0.0,0.0
950,0.25,16,2,2,0.5,1.0
951,0.25,31,2,2,0.25,0.5
952,0.25,16,2,2,0.75,1.5
953,0.25,23,1,1,0.5,1.0
954,0.25,26,2,2,0.75,1.5
955,0.25,22,2,2,1.0,2.0
956,0.25,31,2,2,1.0,2.0
957,0.25,39,1,1,1.0,2.0
958,0.25,31,0,0,0.125,0.25
959,0.25,40,1,1,1.0,2.0
960,0.25,34,2,1,0.125,0.25
961,0.25,21,1,1,0.75,1.5
962,0.25,26,2,1,0.25,0.5
963,0.25,21,2,1,0.0,0.0
964,0.25,22,0,1,0.0,0.0
965,0.25,25,1,1,0.125,0.25
966,0.25,24,1,1,0.75,1.5
967,0.25,21,1,1,0.5,1.0
968,0.25,35,1,1,0.5,1.0
969,0.25,26,2,2,1.0,2.0
970,0.25,35,1,1,0.25,0.5
971,0.25,41,1,2,0.25,0.5
972,0.25,46,2,1,0.75,1.5
973,0.25,38,0,1,0.0,0.0
974,0.25,37,2,1,0.25,0.5
975,0.25,33,2,2,0.5,1.0
976,0.25,30,2,2,0.75,1.5
977,0.25,20,2,1,0.0,0.0
978,0.25,15,2,1,0.75,1.5
979,0.25,27,1,1,0.25,0.5
980,0.25,21,1,1,0.0,0.0
981,0.25,34,1,1,1.0,2.0
982,0.25,11,0,1,0.5,1.0
983,0.25,11,2,2,0.75,1.5
984,0.25,26,2,2,0.25,0.5
985,0.25,31,0,1,0.0,0.0
986,0.25,27,2,2,0.75,1.5
987,0.25,31,0,1,0.5,1.0
988,0.25,30,2,2,0.75,1.5
989,0.25,35,2,2,0.5,1.0
990,0.25,29,2,0,0.25,0.5
991,0.25,29,0,1,0.0,0.0
992,0.25,31,0,0,0.375,0.75
993,0.25,32,1,1,0.375,0.75
994,0.25,27,2,1,0.25,0.5
995,0.25,25,2,2,0.5,1.0
996,0.25,47,1,0,0.0,0.0
997,0.25,32,0,1,0.5,1.0
998,0.25,35,2,2,1.0,2.0
999,0.25,28,2,2,0.5,1.0
1000,0.25,22,0,1,0.5,1.0
1001,0.25,21,1,1,0.75,1.5
1002,0.25,31,2,2,0.25,0.5
1003,0.25,40,2,1,0.0,0.0
1004,0.25,28,2,2,0.25,0.5
1005,0.25,34,1,1,1.0,2.0
1006,0.25,35,2,1,0.0,0.0
1007,0.25,14,1,1,0.25,0.5
1008,0.25,30,1,1,1.0,2.0
1009,0.25,28,1,1,0.375,0.75
1010,0.25,33,1,1,0.75,1.5
1011,0.25,32,0,1,0.25,0.5
1012,0.25,34,1,1,0.25,0.5
1013,0.25,38,1,1,1.0,2.0
1014,0.25,19,1,1,0.25,0.5
1015,0.25,25,1,1,1.0,2.0
1016,0.25,28,2,2,0.25,0.5
1017,0.25,31,1,1,0.75,1.5
1018,0.25,33,1,1,1.0,2.0
1019,0.25,30,2,2,0.5,1.0
1020,0.25,38,2,2,0.5,1.0
1021,0.25,18,0,1,0.25,0.5
1022,0.25,25,1,1,0.5,1.0
1023,0.25,36,1,1,0.75,1.5
1024,0.25,24,1,1,1.0,2.0
1025,0.25,28,1,1,1.0,2.0
1026,0.25,21,1,1,0.5,1.0
1027,0.25,33,2,1,0.5,1.0
1028,0.25,39,1,2,0.25,0.5
1029,0.25,23,2,2,0.25,0.5
1030,0.25,32,1,2,1.0,2.0
1031,0.25,30,1,1,0.375,0.75
1032,0.25,28,1,1,0.375,0.75
1033,0.25,31,1,2,0.25,0.5
1034,0.25,27,2,1,0.25,0.5
1035,0.25,31,0,1,0.375,0.75
1036,0.25,28,1,1,0.25,0.5
1037,0.25,36,2,2,1.0,2.0
1038,0.25,29,2,1,0.0,0.0
1039,0.25,26,1,1,0.625,1.25
1040,0.25,26,0,1,0.5,1.0
1041,0.25,21,1,1,0.0,0.0
1042,0.25,23,2,2,0.25,0.5
1043,0.25,18,0,1,1.0,2.0
1044,0.25,26,1,1,0.25,0.5
1045,0.25,20,2,1,0.0,0.0
1046,0.25,40,2,2,1.0,2.0
1047,0.25,33,1,2,0.625,1.25
1048,0.25,18,0,1,0.25,0.5
1049,0.25,28,2,2,0.25,0.5
1050,0.25,19,2,1,0.25,0.5
1051,0.25,18,2,1,0.5,1.0
1052,0.25,26,2,1,0.5,1.0
1053,0.25,30,0,0,0.25,0.5
1054,0.25,27,2,2,0.5,1.0
1055,0.25,30,2,1,0.0,0.0
1056,0.25,25,2,1,0.25,0.5
1057,0.25,17,2,1,0.25,0.5
1058,0.25,35,2,2,0.25,0.5
1059,0.25,48,2,1,0.375,0.75
1060,0.25,39,0,0,0.5,1.0
1061,0.25,20,2,2,0.5,1.0
1062,0.25,30,2,1,0.0,0.0
1063,0.25,31,2,2,0.5,1.0
1064,0.25,13,2,1,0.0,0.0
1065,0.25,39,1,1,0.75,1.5
1066,0.25,40,2,2,0.5,1.0
1067,0.25,22,1,1,0.5,1.0
1068,0.25,31,2,1,0.5,1.0
1069,0.25,26,1,2,0.75,1.5
1070,0.25,32,2,1,0.5,1.0
1071,0.25,34,1,2,0.25,0.5
1072,0.25,25,2,1,0.5,1.0
1073,0.25,26,2,1,0.5,1.0
1074,0.25,32,2,1,0.25,0.5
1075,0.25,31,1,1,0.5,1.0
1076,0.25,30,1,1,0.5,1.0
1077,0.25,35,0,1,0.5,1.0
1078,0.25,32,2,2,0.25,0.5
1079,0.25,31,1,1,0.75,1.5
1080,0.25,17,1,1,0.25,0.5
1081,0.25,21,0,1,0.25,0.5
1082,0.25,32,0,1,0.5,1.0
1083,0.25,27,1,2,0.75,1.5
1084,0.25,26,2,2,1.0,2.0
1085,0.25,24,2,2,0.25,0.5
1086,0.25,29,2,2,0.75,1.5
1087,0.25,32,2,2,0.25,0.5
1088,0.25,19,0,0,0.25,0.5
1089,0.25,35,1,1,0.125,0.25
1090,0.25,29,1,0,0.25,0.5
1091,0.25,34,1,1,1.0,2.0
1092,0.25,32,0,1,0.25,0.5
1093,0.25,19,1,2,0.25,0.5
1094,0.25,34,1,1,0.25,0.5
1095,0.25,26,2,1,0.25,0.5
1096,0.25,33,0,1,0.25,0.5
1097,0.25,41,0,1,0.0,0.0
1098,0.25,28,1,1,0.75,1.5
1099,0.25,46,2,2,0.25,0.5
1100,0.25,27,1,1,1.0,2.0
1101,0.25,21,2,2,0.25,0.5
1102,0.25,10,2,1,0.25,0.5
1103,0.25,25,1,2,0.25,0.5
1104,0.25,24,2,2,1.0,2.0
1105,0.25,25,0,1,0.0,0.0
1106,0.25,28,1,1,0.25,0.5
1107,0.25,43,1,1,1.0,2.0
1108,0.25,57,2,1,0.25,0.5
1109,0.25,13,1,1,1.0,2.0
1110,0.25,15,1,1,1.0,2.0
1111,0.25,29,2,1,0.0,0.0
1112,0.25,24,1,1,1.0,2.0
1113,0.25,27,2,2,1.0,2.0
1114,0.25,38,2,2,0.75,1.5
1115,0.25,35,1,1,0.25,0.5
1116,0.25,20,1,1,1.0,2.0
1117,0.25,40,1,1,0.375,0.75
1118,0.25,27,1,2,0.25,0.5
1119,0.25,26,0,2,0.25,0.5
1120,0.25,17,2,1,0.0,0.0
1121,0.25,32,2,2,0.25,0.5
1122,0.25,37,1,1,1.0,2.0
1123,0.25,28,1,1,0.75,1.5
1124,0.25,26,1,1,0.25,0.5
1125,0.25,34,0,1,0.625,1.25
1126,0.25,27,1,1,1.0,2.0
1127,0.25,24,2,1,0.0,0.0
1128,0.25,30,2,2,0.75,1.5
1129,0.25,33,2,2,0.25,0.5
1130,0.25,30,1,1,0.25,0.5
1131,0.25,29,2,2,0.5,1.0
1132,0.25,24,1,1,0.75,1.5
1133,0.25,32,2,1,0.25,0.5
1134,0.25,28,1,1,0.25,0.5
1135,0.25,40,2,0,0.0,0.0
1136,0.25,35,2,1,0.25,0.5
1137,0.25,36,1,2,0.375,0.75
1138,0.25,22,2,1,0.75,1.5
1139,0.25,22,2,1,0.0,0.0
1140,0.25,31,2,2,0.25,0.5
1141,0.25,15,2,1,0.75,1.5
1142,0.25,29,1,1,1.0,2.0
1143,0.25,12,2,1,0.25,0.5
1144,0.25,34,0,1,0.75,1.5
1145,0.25,21,1,1,0.5,1.0
1146,0.25,22,2,2,0.75,1.5
1147,0.25,29,1,1,0.75,1.5
1148,0.25,15,0,1,0.375,0.75
1149,0.25,23,0,1,0.25,0.5
1150,0.25,24,1,1,0.625,1.25
1151,0.25,28,1,2,0.25,0.5
1152,0.25,36,2,2,0.75,1.5
1153,0.25,32,1,2,0.5,1.0
1154,0.25,40,2,2,0.75,1.5
1155,0.25,26,1,1,0.0,0.0
1156,0.25,40,2,1,0.5,1.0
1157,0.25,30,1,1,0.25,0.5
1158,0.25,33,0,0,0.25,0.5
1159,0.25,26,1,1,1.0,2.0
1160,0.25,33,0,1,0.25,0.5
1161,0.25,36,2,1,0.625,1.25
1162,0.25,43,1,1,0.0,0.0
1163,0.25,32,1,0,0.25,0.5
1164,0.25,32,2,1,0.0,0.0
1165,0.25,37,1,1,1.0,2.0
1166,0.25,34,2,2,0.25,0.5
1167,0.25,21,0,2,0.125,0.25
1168,0.25,22,1,1,1.0,2.0
1169,0.25,25,1,1,1.0,2.0
1170,0.25,27,1,1,0.0,0.0
1171,0.25,22,0,1,0.25,0.5
1172,0.25,20,1,1,0.0,0.0
1173,0.25,27,2,2,0.5,1.0
1174,0.25,28,1,1,0.5,1.0
1175,0.25,41,0,2,0.25,0.5
1176,0.25,30,2,2,1.0,2.0
1177,0.25,32,0,1,1.0,2.0
1178,0.25,32,1,1,1.0,2.0
1179,0.25,28,2,1,1.0,2.0
1180,0.25,36,2,0,0.0,0.0
1181,0.25,34,1,1,0.75,1.5
1182,0.25,29,2,1,0.0,0.0
1183,0.25,32,2,1,0.25,0.5
1184,0.25,28,2,1,0.0,0.0
1185,0.25,32,2,2,0.25,0.5
1186,0.25,28,1,1,0.75,1.5
1187,0.25,51,2,2,0.5,1.0
1188,0.25,26,0,1,0.75,1.5
1189,0.25,26,2,1,0.0,0.0
1190,0.25,29,1,1,0.25,0.5
1191,0.25,17,2,2,0.25,0.5
1192,0.25,18,1,1,0.0,0.0
1193,0.25,32,0,2,0.375,0.75
1194,0.25,30,1,1,0.75,1.5
1195,0.25,32,1,1,0.125,0.25
1196,0.25,39,1,1,0.5,1.0
1197,0.25,34,1,1,0.0,0.0
1198,0.25,15,1,1,1.0,2.0
1199,0.25,33,1,1,1.0,2.0
1200,0.25,20,1,2,0.5,1.0
1201,0.25,29,1,1,0.75,1.5
1202,0.25,34,2,2,1.0,2.0
1203,0.25,38,2,2,1.0,2.0
1204,0.25,35,2,1,0.25,0.5
1205,0.25,29,1,1,0.25,0.5
1206,0.25,32,1,1,0.0,0.0
1207,0.25,30,2,1,0.25,0.5
1208,0.25,20,0,1,0.375,0.75
1209,0.25,13,1,1,0.0,0.0
1210,0.25,28,1,2,1.0,2.0
1211,0.25,35,1,1,0.25,0.5
1212,0.25,39,2,2,0.5,1.0
1213,0.25,39,2,2,0.75,1.5
1214,0.25,30,2,1,0.0,0.0
1215,0.25,23,1,1,1.0,2.0
1216,0.25,15,1,1,1.0,2.0
1217,0.25,29,1,1,0.5,1.0
1218,0.25,30,2,2,0.25,0.5
1219,0.25,38,1,1,1.0,2.0
1220,0.25,24,2,1,0.625,1.25
1221,0.25,36,0,0,0.375,0.75
1222,0.25,32,1,1,0.125,0.25
1223,0.25,31,1,2,0.5,1.0
1224,0.25,35,0,0,0.375,0.75
1225,0.25,54,1,1,1.0,2.0
1226,0.25,35,2,2,0.25,0.5
1227,0.25,36,0,1,0.0,0.0
1228,0.25,29,1,1,0.625,1.25
1229,0.25,22,2,2,0.75,1.5
1230,0.25,25,2,2,0.25,0.5
1231,0.25,35,1,1,1.0,2.0
1232,0.25,30,0,1,0.5,1.0
1233,0.25,31,2,2,1.0,2.0
1234,0.25,24,1,1,0.25,0.5
1235,0.25,36,2,2,0.25,0.5
1236,0.25,34,0,1,0.5,1.0
1237,0.25,13,2,1,0.5,1.0
1238,0.25,36,1,1,0.25,0.5
1239,0.25,20,2,1,0.25,0.5
1240,0.25,35,1,1,1.0,2.0
1241,0.25,16,1,1,0.25,0.5
1242,0.25,42,2,2,0.75,1.5
1243,0.25,46,1,1,0.5,1.0
1244,0.25,17,2,1,0.0,0.0
1245,0.25,27,1,1,0.5,1.0
1246,0.25,42,1,0,0.375,0.75
1247,0.25,40,0,0,0.125,0.25
1248,0.25,30,1,1,1.0,2.0
1249,0.25,27,2,2,0.5,1.0
1250,0.25,30,2,2,1.0,2.0
1251,0.25,28,1,1,0.75,1.5
1252,0.25,44,0,1,0.25,0.5
1253,0.25,16,1,1,0.5,1.0
1254,0.25,34,2,1,1.0,2.0
1255,0.25,26,1,1,0.5,1.0
1256,0.25,28,1,1,0.75,1.5
1257,0.25,31,2,2,1.0,2.0
1258,0.25,33,2,1,0.25,0.5
1259,0.25,38,2,1,0.25,0.5
1260,0.25,33,2,1,1.0,2.0
1261,0.25,45,1,2,0.625,1.25
1262,0.25,23,1,2,0.5,1.0
1263,0.25,34,2,2,0.5,1.0
1264,0.25,30,1,1,0.5,1.0
1265,0.25,17,0,1,0.375,0.75
1266,0.25,24,1,2,0.25,0.5
1267,0.25,35,2,1,1.0,2.0
1268,0.25,22,1,1,0.5,1.0
1269,0.25,20,0,1,0.0,0.0
1270,0.25,31,2,2,0.75,1.5
1271,0.25,30,0,1,0.625,1.25
1272,0.25,29,2,2,0.75,1.5
1273,0.25,35,2,2,0.75,1.5
1274,0.25,29,1,1,1.0,2.0
1275,0.25,30,2,2,0.75,1.5
1276,0.25,39,2,1,0.125,0.25
1277,0.25,18,0,1,1.0,2.0
1278,0.25,36,2,1,0.0,0.0
1279,0.25,26,2,2,0.75,1.5
1280,0.25,15,0,1,0.0,0.0
1281,0.25,34,2,2,0.75,1.5
1282,0.25,16,2,2,0.75,1.5
1283,0.25,23,2,2,0.5,1.0
1284,0.25,25,2,2,0.5,1.0
1285,0.25,31,2,2,0.5,1.0
1286,0.25,19,2,1,0.0,0.0
1287,0.25,15,1,1,1.0,2.0
1288,0.25,30,0,2,0.375,0.75
1289,0.25,19,0,1,0.25,0.5
1290,0.25,33,1,1,0.25,0.5
1291,0.25,13,2,2,0.25,0.5
1292,0.25,15,1,1,0.5,1.0
1293,0.25,32,2,1,0.0,0.0
1294,0.25,30,2,2,0.25,0.5
1295,0.25,36,0,2,0.375,0.75
1296,0.25,32,2,2,0.75,1.5
1297,0.25,19,2,2,1.0,2.0
1298,0.25,24,1,2,0.375,0.75
1299,0.25,25,1,2,0.5,1.0
1300,0.25,15,0,1,0.75,1.5
1301,0.25,29,1,1,1.0,2.0
1302,0.25,19,2,2,0.75,1.5
1303,0.25,31,2,2,1.0,2.0
1304,0.25,27,2,2,0.25,0.5
1305,0.25,20,1,1,1.0,2.0
1306,0.25,31,1,1,0.0,0.0
1307,0.25,28,1,1,1.0,2.0
1308,0.25,37,1,1,0.75,1.5
1309,0.25,40,0,1,0.25,0.5
1310,0.25,32,1,2,0.125,0.25
1311,0.25,27,1,1,1.0,2.0
1312,0.25,25,1,1,0.25,0.5
1313,0.25,26,2,2,0.25,0.5
1314,0.25,29,1,1,0.75,1.5
1315,0.25,16,0,1,0.0,0.0
1316,0.25,29,1,1,0.75,1.5
1317,0.25,40,1,2,0.5,1.0
1318,0.25,21,1,2,0.25,0.5
1319,0.25,21,1,1,0.75,1.5
1320,0.25,29,2,2,0.125,0.25
1321,0.25,29,2,2,1.0,2.0
1322,0.25,14,2,2,0.5,1.0
1323,0.25,37,0,1,1.0,2.0
1324,0.25,29,1,1,0.0,0.0
1325,0.25,38,1,1,0.5,1.0
1326,0.25,36,2,2,0.5,1.0
1327,0.25,22,2,1,0.0,0.0
1328,0.25,28,1,1,0.0,0.0
1329,0.25,23,2,1,0.375,0.75
1330,0.25,27,1,1,0.625,1.25
1331,0.25,16,2,2,0.25,0.5
1332,0.25,23,2,1,0.0,0.0
1333,0.25,35,1,1,0.5,1.0
1334,0.25,37,2,1,0.0,0.0
1335,0.25,33,0,1,0.0,0.0
1336,0.25,28,2,2,1.0,2.0
1337,0.25,31,1,1,0.75,1.5
1338,0.25,38,0,2,0.5,1.0
1339,0.25,33,2,1,0.5,1.0
1340,0.25,32,0,0,0.5,1.0
1341,0.25,29,0,0,0.375,0.75
1342,0.25,30,1,1,1.0,2.0
1343,0.25,26,1,1,0.5,1.0
1344,0.25,19,2,1,0.0,0.0
1345,0.25,20,0,1,0.5,1.0
1346,0.25,30,1,1,0.0,0.0
1347,0.25,25,2,1,0.375,0.75
1348,0.25,26,2,2,1.0,2.0
1349,0.25,28,2,1,0.25,0.5
1350,0.25,39,0,1,0.75,1.5
1351,0.25,21,0,1,0.0,0.0
1352,0.25,55,1,1,0.75,1.5
1353,0.25,43,1,1,0.25,0.5
1354,0.25,20,1,1,0.25,0.5
1355,0.25,29,2,2,0.5,1.0
1356,0.25,29,1,1,0.75,1.5
1357,0.25,14,2,1,1.0,2.0
1358,0.25,31,1,1,1.0,2.0
1359,0.25,30,0,2,0.25,0.5
1360,0.25,34,1,1,1.0,2.0
1361,0.25,35,1,1,0.25,0.5
1362,0.25,41,0,1,0.75,1.5
1363,0.25,33,2,2,0.75,1.5
1364,0.25,39,2,1,0.25,0.5
1365,0.25,30,1,1,0.5,1.0
1366,0.25,38,2,2,1.0,2.0
1367,0.25,19,0,0,0.25,0.5
1368,0.25,29,1,2,0.125,0.25
1369,0.25,18,2,1,0.0,0.0
1370,0.25,11,0,1,0.625,1.25
1371,0.25,29,1,1,0.75,1.5
1372,0.25,27,2,1,0.0,0.0
1373,0.25,33,0,1,0.5,1.0
1374,0.25,31,1,1,1.0,2.0
1375,0.25,20,2,1,0.5,1.0
1376,0.25,29,1,1,0.25,0.5
1377,0.25,35,2,2,0.125,0.25
1378,0.25,24,1,1,0.5,1.0
1379,0.25,29,1,1,0.5,1.0
1380,0.25,27,2,1,0.0,0.0
1381,0.25,25,1,1,0.5,1.0
1382,0.25,34,1,1,1.0,2.0
1383,0.25,35,1,1,0.75,1.5
1384,0.25,30,2,2,0.75,1.5
1385,0.25,35,2,2,0.375,0.75
1386,0.25,35,2,2,0.75,1.5
1387,0.25,35,2,2,0.25,0.5
1388,0.25,28,2,2,0.25,0.5
1389,0.25,20,0,0,1.0,2.0
1390,0.25,26,1,1,1.0,2.0
1391,0.25,24,1,1,0.5,1.0
1392,0.25,37,1,1,0.75,1.5
1393,0.25,31,0,1,0.375,0.75
1394,0.25,20,1,1,0.5,1.0
1395,0.25,34,2,2,0.75,1.5
1396,0.25,35,0,1,0.375,0.75
1397,0.25,29,1,1,0.75,1.5
1398,0.25,31,0,1,0.0,0.0
1399,0.25,33,0,2,0.25,0.5
1400,0.25,33,1,2,0.25,0.5
1401,0.25,25,2,1,0.0,0.0
1402,0.25,25,1,2,0.5,1.0
1403,0.25,34,2,1,0.125,0.25
1404,0.25,33,2,2,1.0,2.0
1405,0.25,31,2,1,0.0,0.0
1406,0.25,29,1,1,0.5,1.0
1407,0.25,29,1,2,0.5,1.0
1408,0.25,33,2,2,0.75,1.5
1409,0.25,50,0,1,0.0,0.0
1410,0.25,37,0,1,0.25,0.5
1411,0.25,38,1,1,0.0,0.0
1412,0.25,25,1,1,1.0,2.0
1413,0.25,32,2,2,1.0,2.0
1414,0.25,31,2,1,0.5,1.0
1415,0.25,30,2,2,0.75,1.5
1416,0.25,27,1,1,0.25,0.5
1417,0.25,30,0,1,0.125,0.25
1418,0.25,24,2,1,0.5,1.0
1419,0.25,36,2,2,0.75,1.5
1420,0.25,40,1,1,1.0,2.0
1421,0.25,32,2,2,0.5,1.0
1422,0.25,20,1,1,1.0,2.0
1423,0.25,22,1,2,0.25,0.5
1424,0.25,24,2,2,0.5,1.0
1425,0.25,35,1,1,0.5,1.0
1426,0.25,29,2,2,0.75,1.5
1427,0.25,27,1,1,0.5,1.0
1428,0.25,52,1,1,1.0,2.0
1429,0.25,39,1,2,0.5,1.0
1430,0.25,29,1,1,0.25,0.5
1431,0.25,24,2,1,0.0,0.0
1432,0.25,32,1,2,0.5,1.0
1433,0.25,35,1,1,0.75,1.5
1434,0.25,35,2,2,1.0,2.0
1435,0.25,36,2,2,0.75,1.5
1436,0.25,41,0,2,0.125,0.25
1437,0.25,32,0,1,0.0,0.0
1438,0.25,20,0,1,0.0,0.0
1439,0.25,31,1,2,0.25,0.5
1440,0.25,27,0,1,0.75,1.5
1441,0.25,34,1,1,0.5,1.0
1442,0.25,24,1,1,0.25,0.5
1443,0.25,26,1,1,1.0,2.0
1444,0.25,28,2,2,0.75,1.5
1445,0.25,12,2,2,0.5,1.0
1446,0.25,39,2,2,0.25,0.5
1447,0.25,36,1,1,0.75,1.5
1448,0.25,22,2,2,0.25,0.5
1449,0.25,27,1,1,0.75,1.5
1450,0.25,15,2,1,0.0,0.0
1451,0.25,14,2,1,0.0,0.0
1452,0.25,29,2,2,0.25,0.5
1453,0.25,17,1,1,1.0,2.0
1454,0.25,29,0,1,0.0,0.0
1455,0.25,21,2,2,0.5,1.0
1456,0.25,38,2,2,0.75,1.5
1457,0.25,30,0,2,0.75,1.5
1458,0.25,25,2,2,1.0,2.0
1459,0.25,29,2,1,0.25,0.5
1460,0.25,35,1,2,0.5,1.0
1461,0.25,30,2,2,0.75,1.5
1462,0.25,44,0,0,0.25,0.5
1463,0.25,45,0,0,0.25,0.5
1464,0.25,36,2,1,1.0,2.0
1465,0.25,24,2,2,1.0,2.0
1466,0.25,30,1,1,1.0,2.0
1467,0.25,34,2,2,1.0,2.0
1468,0.25,36,1,1,0.75,1.5
1469,0.25,32,1,1,0.0,0.0
1470,0.25,32,1,1,1.0,2.0
1471,0.25,36,1,2,0.75,1.5
1472,0.25,42,2,2,0.75,1.5
1473,0.25,45,1,1,1.0,2.0
1474,0.25,27,0,1,0.25,0.5
1475,0.25,24,2,1,0.0,0.0
1476,0.25,36,1,1,0.5,1.0
1477,0.25,37,1,1,1.0,2.0
1478,0.25,33,2,1,0.25,0.5
1479,0.25,40,2,2,0.5,1.0
1480,0.25,30,2,2,0.5,1.0
1481,0.25,36,1,1,0.5,1.0
1482,0.25,32,2,1,0.5,1.0
1483,0.25,27,2,1,0.5,1.0
1484,0.25,31,0,1,0.0,0.0
1485,0.25,31,1,1,0.5,1.0
1486,0.25,44,0,1,0.125,0.25
1487,0.25,22,0,0,0.625,1.25
1488,0.25,24,1,1,0.75,1.5
1489,0.25,33,0,1,0.375,0.75
1490,0.25,23,1,1,0.375,0.75
1491,0.25,31,2,1,0.25,0.5
1492,0.25,21,0,0,0.5,1.0
1493,0.25,45,1,1,0.5,1.0
1494,0.25,33,1,1,0.75,1.5
1495,0.25,27,2,2,1.0,2.0
1496,0.25,37,0,1,0.25,0.5
1497,0.25,31,2,2,0.75,1.5
1498,0.25,31,1,1,0.75,1.5
1499,0.25,15,1,1,0.25,0.5
1500,0.25,39,1,1,0.0,0.0
1501,0.25,18,2,2,0.5,1.0
1502,0.25,31,0,1,0.375,0.75
1503,0.25,36,2,2,0.375,0.75
1504,0.25,29,1,1,0.75,1.5
1505,0.25,38,1,1,1.0,2.0
1506,0.25,28,2,2,0.75,1.5
1507,0.25,26,0,1,0.5,1.0
1508,0.25,16,1,1,1.0,2.0
1509,0.25,46,2,2,0.25,0.5
1510,0.25,34,0,0,0.25,0.5
1511,0.25,17,1,1,0.25,0.5
1512,0.25,34,1,1,0.75,1.5
1513,0.25,26,1,1,0.0,0.0
1514,0.25,29,0,1,0.5,1.0
1515,0.25,26,2,2,0.75,1.5
1516,0.25,27,0,0,0.125,0.25
1517,0.25,29,2,2,1.0,2.0
1518,0.25,24,2,2,0.25,0.5
1519,0.25,28,2,1,0.0,0.0
1520,0.25,24,1,2,0.75,1.5
1521,0.25,36,2,2,0.5,1.0
1522,0.25,32,1,1,1.0,2.0
1523,0.25,29,1,1,1.0,2.0
1524,0.25,46,2,2,0.5,1.0
1525,0.25,32,1,1,0.75,1.5
1526,0.25,25,1,1,0.25,0.5
1527,0.25,23,1,1,0.5,1.0
1528,0.25,22,1,0,0.25,0.5
1529,0.25,33,2,2,0.75,1.5
1530,0.25,26,1,1,0.0,0.0
1531,0.25,22,2,2,0.5,1.0
1532,0.25,43,2,2,0.75,1.5
1533,0.25,50,1,1,1.0,2.0
1534,0.25,10,2,1,0.5,1.0
1535,0.25,27,0,1,0.625,1.25
1536,0.25,32,2,1,0.25,0.5
1537,0.25,22,2,2,0.25,0.5
1538,0.25,25,1,1,0.0,0.0
1539,0.25,29,1,1,0.375,0.75
1540,0.25,31,2,1,0.5,1.0
1541,0.25,37,2,2,0.75,1.5
1542,0.25,36,2,2,0.5,1.0
1543,0.25,33,1,1,0.0,0.0
1544,0.25,30,1,1,1.0,2.0
1545,0.25,29,1,1,0.625,1.25
1546,0.25,26,1,1,0.75,1.5
1547,0.25,26,2,2,0.25,0.5
1548,0.25,31,1,1,0.25,0.5
1549,0.25,23,1,1,0.0,0.0
1550,0.25,19,1,1,1.0,2.0
1551,0.25,24,2,2,0.25,0.5
1552,0.25,34,2,1,0.25,0.5
1553,0.25,32,0,1,0.125,0.25
1554,0.25,34,1,1,1.0,2.0
1555,0.25,24,1,1,1.0,2.0
1556,0.25,47,1,0,0.5,1.0
1557,0.25,25,2,2,0.75,1.5
1558,0.25,28,2,1,1.0,2.0
1559,0.25,40,2,2,0.25,0.5
1560,0.25,25,2,2,0.75,1.5
1561,0.25,32,1,1,1.0,2.0
1562,0.25,30,2,1,0.0,0.0
1563,0.25,27,1,1,1.0,2.0
1564,0.25,52,1,0,0.125,0.25
1565,0.25,15,0,1,0.25,0.5
1566,0.25,26,2,2,0.5,1.0
1567,0.25,25,2,1,0.5,1.0
1568,0.25,31,1,1,0.75,1.5
1569,0.25,32,1,1,0.125,0.25
1570,0.25,21,1,0,0.25,0.5
1571,0.25,33,2,2,0.25,0.5
1572,0.25,34,2,2,0.625,1.25
1573,0.25,23,2,2,0.75,1.5
1574,0.25,25,2,1,1.0,2.0
1575,0.25,33,2,2,0.5,1.0
1576,0.25,21,2,2,0.25,0.5
1577,0.25,19,2,2,0.75,1.5
1578,0.25,28,1,1,1.0,2.0
1579,0.25,28,1,1,0.125,0.25
1580,0.25,35,1,1,0.0,0.0
1581,0.25,34,1,1,0.75,1.5
1582,0.25,31,2,2,0.125,0.25
1583,0.25,39,2,1,0.0,0.0
1584,0.25,40,2,1,1.0,2.0
1585,0.25,26,2,1,1.0,2.0
1586,0.25,21,1,1,0.75,1.5
1587,0.25,25,2,1,1.0,2.0
1588,0.25,33,0,1,0.25,0.5
1589,0.25,41,2,1,0.0,0.0
1590,0.25,19,1,1,0.5,1.0
1591,0.25,33,0,0,0.375,0.75
1592,0.25,26,1,2,0.25,0.5
1593,0.25,33,2,1,0.25,0.5
1594,0.25,9,1,1,1.0,2.0
1595,0.25,34,2,2,0.375,0.75
1596,0.25,22,1,1,1.0,2.0
1597,0.25,33,2,2,0.75,1.5
1598,0.25,29,2,2,0.75,1.5
1599,0.25,40,2,2,0.25,0.5
1600,0.25,36,2,1,0.25,0.5
1601,0.25,24,2,1,0.0,0.0
1602,0.25,30,0,1,1.0,2.0
1603,0.25,20,1,1,0.5,1.0
1604,0.25,40,1,0,0.25,0.5
1605,0.25,43,1,1,0.375,0.75
1606,0.25,28,0,1,0.25,0.5
1607,0.25,35,2,1,0.125,0.25
1608,0.25,32,2,2,0.25,0.5
1609,0.25,23,1,1,0.0,0.0
1610,0.25,40,1,1,0.125,0.25
1611,0.25,31,1,1,0.5,1.0
1612,0.25,16,1,1,1.0,2.0
1613,0.25,35,2,1,0.125,0.25
1614,0.25,41,0,1,0.0,0.0
1615,0.25,30,2,1,0.5,1.0
1616,0.25,28,0,1,0.5,1.0
1617,0.25,20,1,1,0.0,0.0
1618,0.25,30,1,1,0.375,0.75
1619,0.25,12,1,1,1.0,2.0
1620,0.25,24,2,1,0.5,1.0
1621,0.25,30,0,1,0.25,0.5
1622,0.25,28,2,1,0.625,1.25
1623,0.25,27,1,2,0.25,0.5
1624,0.25,40,2,1,0.5,1.0
1625,0.25,31,2,1,0.25,0.5
1626,0.25,30,1,1,0.25,0.5
1627,0.25,32,0,0,0.25,0.5
1628,0.25,34,2,1,0.0,0.0
1629,0.25,37,0,2,0.75,1.5
1630,0.25,27,0,0,0.5,1.0
1631,0.25,34,2,2,0.75,1.5
1632,0.25,13,0,1,0.25,0.5
1633,0.25,28,1,1,0.75,1.5
1634,0.25,34,2,2,0.25,0.5
1635,0.25,38,2,2,0.75,1.5
1636,0.25,20,1,1,0.375,0.75
1637,0.25,56,1,1,0.25,0.5
1638,0.25,27,2,2,0.25,0.5
1639,0.25,30,2,2,0.5,1.0
1640,0.25,19,2,2,0.625,1.25
1641,0.25,30,1,1,0.25,0.5
1642,0.25,29,0,0,0.25,0.5
1643,0.25,27,1,1,1.0,2.0
1644,0.25,32,1,1,0.5,1.0
1645,0.25,43,1,1,1.0,2.0
1646,0.25,13,1,1,1.0,2.0
1647,0.25,48,2,2,0.25,0.5
1648,0.25,21,2,2,0.75,1.5
1649,0.25,32,2,1,0.5,1.0
1650,0.25,22,1,2,0.25,0.5
1651,0.25,42,2,2,0.25,0.5
1652,0.25,20,1,1,1.0,2.0
1653,0.25,36,1,1,0.375,0.75
1654,0.25,23,2,2,0.5,1.0
1655,0.25,25,0,1,0.375,0.75
1656,0.25,37,2,2,1.0,2.0
1657,0.25,34,1,1,0.0,0.0
1658,0.25,29,1,1,0.25,0.5
1659,0.25,20,1,1,1.0,2.0
1660,0.25,14,2,1,0.0,0.0
1661,0.25,19,1,1,0.75,1.5
1662,0.25,42,1,1,0.5,1.0
1663,0.25,25,2,2,0.25,0.5
1664,0.25,28,1,2,1.0,2.0
1665,0.25,33,1,2,0.75,1.5
1666,0.25,21,0,1,0.5,1.0
1667,0.25,22,1,2,0.5,1.0
1668,0.25,49,2,2,0.25,0.5
1669,0.25,28,2,2,0.25,0.5
1670,0.25,28,1,1,0.5,1.0
1671,0.25,26,1,1,0.625,1.25
1672,0.25,31,2,2,0.75,1.5
1673,0.25,27,1,1,0.75,1.5
1674,0.25,37,0,0,0.625,1.25
1675,0.25,22,1,2,0.25,0.5
1676,0.25,35,1,1,0.375,0.75
1677,0.25,23,1,1,0.0,0.0
1678,0.25,37,1,1,0.25,0.5
1679,0.25,36,1,1,0.625,1.25
1680,0.25,36,2,2,0.25,0.5
1681,0.25,35,2,2,0.25,0.5
1682,0.25,37,1,1,0.375,0.75
1683,0.25,29,2,2,0.25,0.5
1684,0.25,26,1,1,0.5,1.0
1685,0.25,27,1,1,0.0,0.0
1686,0.25,32,2,1,0.25,0.5
1687,0.25,9,2,2,0.25,0.5
1688,0.25,15,1,1,0.5,1.0
1689,0.25,36,1,1,0.5,1.0
1690,0.25,19,2,1,1.0,2.0
1691,0.25,29,1,1,1.0,2.0
1692,0.25,34,1,2,0.25,0.5
1693,0.25,28,1,1,0.0,0.0
1694,0.25,32,0,0,0.125,0.25
1695,0.25,40,2,2,0.375,0.75
1696,0.25,24,2,1,0.0,0.0
1697,0.25,27,2,2,0.75,1.5
1698,0.25,28,2,1,0.0,0.0
1699,0.25,23,1,2,0.125,0.25
1700,0.25,21,1,1,1.0,2.0
1701,0.25,29,2,2,0.5,1.0
1702,0.25,49,1,2,0.375,0.75
1703,0.25,27,1,1,1.0,2.0
1704,0.25,39,0,2,0.125,0.25
1705,0.25,21,2,1,0.5,1.0
1706,0.25,35,0,1,0.0,0.0
1707,0.25,32,1,1,0.25,0.5
1708,0.25,28,2,2,0.5,1.0
1709,0.25,22,2,1,0.125,0.25
1710,0.25,20,2,2,0.25,0.5
1711,0.25,43,1,1,0.75,1.5
1712,0.25,35,0,1,0.375,0.75
1713,0.25,23,1,1,0.75,1.5
1714,0.25,27,2,2,1.0,2.0
1715,0.25,29,1,1,0.25,0.5
1716,0.25,38,1,1,0.5,1.0
1717,0.25,37,1,1,0.0,0.0
1718,0.25,25,2,2,0.5,1.0
1719,0.25,16,0,1,0.0,0.0
1720,0.25,18,1,1,0.75,1.5
1721,0.25,55,2,1,0.5,1.0
1722,0.25,19,2,1,0.25,0.5
1723,0.25,21,1,2,0.25,0.5
1724,0.25,33,1,1,0.0,0.0
1725,0.25,29,2,2,1.0,2.0
1726,0.25,33,2,2,0.75,1.5
1727,0.25,29,2,2,0.75,1.5
1728,0.25,25,2,2,1.0,2.0
1729,0.25,32,1,1,0.5,1.0
1730,0.25,41,1,1,1.0,2.0
1731,0.25,28,2,2,0.75,1.5
1732,0.25,16,2,1,0.5,1.0
1733,0.25,30,2,1,0.25,0.5
1734,0.25,27,1,1,0.5,1.0
1735,0.25,19,2,1,0.125,0.25
1736,0.25,47,2,2,0.25,0.5
1737,0.25,37,0,1,0.25,0.5
1738,0.25,22,0,1,0.75,1.5
1739,0.25,24,2,2,0.75,1.5
1740,0.25,32,1,1,1.0,2.0
1741,0.25,34,0,0,0.25,0.5
1742,0.25,37,2,1,0.5,1.0
1743,0.25,24,1,2,0.25,0.5
1744,0.25,42,2,1,0.125,0.25
1745,0.25,30,1,1,1.0,2.0
1746,0.25,26,2,2,0.75,1.5
1747,0.25,35,2,1,0.25,0.5
1748,0.25,15,2,0,0.0,0.0
1749,0.25,27,1,1,0.375,0.75
1750,0.25,23,1,1,0.5,1.0
1751,0.25,28,1,1,1.0,2.0
1752,0.25,31,2,2,0.5,1.0
1753,0.25,33,1,1,0.5,1.0
1754,0.25,28,1,1,0.75,1.5
1755,0.25,24,2,2,0.5,1.0
1756,0.25,20,1,1,0.75,1.5
1757,0.25,40,1,1,0.75,1.5
1758,0.25,48,2,2,0.125,0.25
1759,0.25,27,1,1,1.0,2.0
1760,0.25,21,1,1,1.0,2.0
1761,0.25,42,0,1,0.0,0.0
1762,0.25,21,1,1,1.0,2.0
1763,0.25,51,1,2,0.5,1.0
1764,0.25,46,2,1,0.25,0.5
1765,0.25,25,2,1,0.0,0.0
1766,0.25,25,1,1,0.5,1.0
1767,0.25,23,2,2,0.5,1.0
1768,0.25,16,1,1,1.0,2.0
1769,0.25,34,2,2,0.375,0.75
1770,0.25,46,1,1,1.0,2.0
1771,0.25,32,1,2,0.5,1.0
1772,0.25,24,1,1,1.0,2.0
1773,0.25,31,2,2,0.25,0.5
1774,0.25,28,2,2,0.75,1.5
1775,0.25,28,0,1,0.0,0.0
1776,0.25,30,0,1,0.25,0.5
1777,0.25,35,1,1,0.25,0.5
1778,0.25,15,0,1,0.75,1.5
1779,0.25,19,1,1,0.25,0.5
1780,0.25,25,1,2,0.5,1.0
1781,0.25,34,1,1,0.5,1.0
1782,0.25,19,0,2,0.5,1.0
1783,0.25,26,2,2,0.75,1.5
1784,0.25,44,1,1,0.375,0.75
1785,0.25,14,1,1,1.0,2.0
1786,0.25,36,1,1,1.0,2.0
1787,0.25,18,1,1,0.75,1.5
1788,0.25,39,0,0,0.0,0.0
1789,0.25,32,1,0,0.25,0.5
1790,0.25,13,2,2,1.0,2.0
1791,0.25,34,1,1,0.5,1.0
1792,0.25,24,1,1,0.625,1.25
1793,0.25,36,1,1,0.75,1.5
1794,0.25,30,2,2,0.5,1.0
1795,0.25,40,1,0,0.5,1.0
1796,0.25,37,1,1,1.0,2.0
1797,0.25,35,1,1,0.75,1.5
1798,0.25,22,1,1,0.5,1.0
1799,0.25,28,1,1,0.75,1.5
1800,0.25,28,2,2,1.0,2.0
1801,0.25,39,2,1,0.0,0.0
1802,0.25,34,1,1,0.0,0.0
1803,0.25,32,1,1,0.5,1.0
1804,0.25,24,1,1,0.75,1.5
1805,0.25,23,1,1,0.5,1.0
1806,0.25,20,2,2,0.5,1.0
1807,0.25,15,1,1,1.0,2.0
1808,0.25,30,0,1,1.0,2.0
1809,0.25,31,1,1,0.25,0.5
1810,0.25,28,1,2,0.5,1.0
1811,0.25,15,0,1,1.0,2.0
1812,0.25,26,0,0,0.125,0.25
1813,0.25,38,2,1,0.25,0.5
1814,0.25,35,1,1,0.5,1.0
1815,0.25,17,0,1,0.625,1.25
1816,0.25,21,1,1,0.75,1.5
1817,0.25,36,0,1,0.25,0.5
1818,0.25,16,1,1,0.25,0.5
1819,0.25,33,1,1,1.0,2.0
1820,0.25,38,2,1,0.25,0.5
1821,0.25,23,2,2,0.5,1.0
1822,0.25,41,0,1,0.5,1.0
1823,0.25,24,2,2,1.0,2.0
1824,0.25,28,1,1,0.25,0.5
1825,0.25,31,2,2,0.75,1.5
1826,0.25,25,1,1,1.0,2.0
1827,0.25,32,1,1,0.5,1.0
1828,0.25,35,1,1,0.375,0.75
1829,0.25,21,2,2,0.5,1.0
1830,0.25,23,2,1,1.0,2.0
1831,0.25,26,1,1,0.25,0.5
1832,0.25,32,0,0,0.25,0.5
1833,0.25,34,2,2,0.5,1.0
1834,0.25,44,1,1,0.5,1.0
1835,0.25,36,0,1,0.25,0.5
1836,0.25,26,0,1,0.0,0.0
1837,0.25,38,2,2,0.5,1.0
1838,0.25,21,1,1,1.0,2.0
1839,0.25,22,1,1,0.5,1.0
1840,0.25,29,0,1,0.0,0.0
1841,0.25,33,2,2,0.25,0.5
1842,0.25,28,0,0,0.25,0.5
1843,0.25,43,1,1,0.5,1.0
1844,0.25,19,2,2,0.5,1.0
1845,0.25,21,1,1,0.75,1.5
1846,0.25,38,2,2,0.375,0.75
1847,0.25,21,2,2,0.25,0.5
1848,0.25,44,1,1,0.25,0.5
1849,0.25,39,1,1,0.5,1.0
1850,0.25,32,1,1,1.0,2.0
1851,0.25,29,0,1,0.375,0.75
1852,0.25,34,2,2,0.5,1.0
1853,0.25,16,0,1,0.75,1.5
1854,0.25,27,1,1,0.5,1.0
1855,0.25,25,2,2,0.5,1.0
1856,0.25,32,2,1,0.0,0.0
1857,0.25,24,1,1,1.0,2.0
1858,0.25,34,2,1,0.25,0.5
1859,0.25,22,1,1,0.75,1.5
1860,0.25,23,1,1,1.0,2.0
1861,0.25,32,1,1,0.0,0.0
1862,0.25,18,1,1,0.25,0.5
1863,0.25,31,2,1,0.0,0.0
1864,0.25,43,2,1,1.0,2.0
1865,0.25,34,1,1,0.25,0.5
1866,0.25,28,1,1,1.0,2.0
1867,0.25,27,2,2,1.0,2.0
1868,0.25,19,0,1,0.0,0.0
1869,0.25,22,2,2,0.375,0.75
1870,0.25,15,2,2,0.25,0.5
1871,0.25,38,2,1,0.25,0.5
1872,0.25,30,1,1,0.5,1.0
1873,0.25,33,0,1,0.25,0.5
1874,0.25,30,1,1,0.625,1.25
1875,0.25,40,2,1,0.0,0.0
1876,0.25,32,1,1,0.0,0.0
1877,0.25,43,2,2,1.0,2.0
1878,0.25,22,1,1,1.0,2.0
1879,0.25,38,1,1,0.5,1.0
1880,0.25,37,2,2,0.75,1.5
1881,0.25,38,2,1,0.75,1.5
1882,0.25,38,1,1,0.75,1.5
1883,0.25,38,2,2,0.5,1.0
1884,0.25,36,0,1,0.25,0.5
1885,0.25,58,0,1,0.75,1.5
1886,0.25,16,1,1,0.0,0.0
1887,0.25,26,1,1,0.125,0.25
1888,0.25,35,2,1,0.5,1.0
1889,0.25,24,2,1,0.0,0.0
1890,0.25,38,0,0,0.125,0.25
1891,0.25,34,1,1,0.25,0.5
1892,0.25,17,1,1,0.125,0.25
1893,0.25,30,0,1,0.0,0.0
1894,0.25,41,2,2,0.75,1.5
1895,0.25,25,1,1,0.75,1.5
1896,0.25,35,1,1,1.0,2.0
1897,0.25,20,1,1,0.75,1.5
1898,0.25,40,1,2,0.5,1.0
1899,0.25,30,2,1,0.25,0.5
1900,0.25,14,0,1,0.0,0.0
1901,0.25,33,1,1,1.0,2.0
1902,0.25,26,2,1,0.25,0.5
1903,0.25,23,0,1,0.625,1.25
1904,0.25,35,1,1,0.0,0.0
1905,0.25,24,1,1,0.75,1.5
1906,0.25,35,2,2,0.375,0.75
1907,0.25,35,2,2,0.75,1.5
1908,0.25,37,1,1,0.25,0.5
1909,0.25,18,0,1,0.5,1.0
1910,0.25,24,1,1,1.0,2.0
1911,0.25,31,1,1,1.0,2.0
1912,0.25,40,2,2,0.25,0.5
1913,0.25,34,0,1,0.75,1.5
1914,0.25,27,1,1,1.0,2.0
1915,0.25,35,1,1,0.75,1.5
1916,0.25,44,2,1,0.0,0.0
1917,0.25,42,1,1,0.25,0.5
1918,0.25,24,1,1,0.5,1.0
1919,0.25,32,1,0,0.25,0.5
1920,0.25,31,1,1,1.0,2.0
1921,0.25,27,1,1,0.375,0.75
1922,0.25,40,0,0,0.375,0.75
1923,0.25,24,2,1,1.0,2.0
1924,0.25,34,2,2,0.75,1.5
1925,0.25,26,1,1,1.0,2.0
1926,0.25,32,2,2,0.5,1.0
1927,0.25,42,2,2,0.25,0.5
1928,0.25,30,1,1,0.25,0.5
1929,0.25,21,1,1,1.0,2.0
1930,0.25,25,2,1,0.5,1.0
1931,0.25,35,2,1,0.75,1.5
1932,0.25,20,1,1,0.5,1.0
1933,0.25,24,2,1,0.0,0.0
1934,0.25,19,2,1,0.0,0.0
1935,0.25,22,0,1,0.375,0.75
1936,0.25,15,2,2,0.25,0.5
1937,0.25,30,1,1,0.375,0.75
1938,0.25,27,2,1,0.0,0.0
1939,0.25,36,1,1,0.125,0.25
1940,0.25,21,2,1,0.5,1.0
1941,0.25,30,2,2,1.0,2.0
1942,0.25,29,0,2,0.375,0.75
1943,0.25,42,2,1,0.0,0.0
1944,0.25,43,1,1,0.75,1.5
1945,0.25,38,1,1,0.5,1.0
1946,0.25,29,0,1,0.5,1.0
1947,0.25,30,1,1,1.0,2.0
1948,0.25,24,2,1,0.25,0.5
1949,0.25,28,2,2,0.25,0.5
1950,0.25,20,1,1,0.5,1.0
1951,0.25,28,2,1,0.25,0.5
1952,0.25,14,1,1,0.5,1.0
1953,0.25,19,2,1,0.75,1.5
1954,0.25,39,2,2,0.125,0.25
1955,0.25,26,2,1,0.75,1.5
1956,0.25,31,2,1,0.0,0.0
1957,0.25,33,1,1,0.25,0.5
1958,0.25,23,1,1,0.375,0.75
1959,0.25,29,2,2,0.25,0.5
1960,0.25,35,0,1,0.0,0.0
1961,0.25,37,1,1,0.5,1.0
1962,0.25,26,2,2,0.25,0.5
1963,0.25,34,1,1,0.5,1.0
1964,0.25,26,0,1,0.25,0.5
1965,0.25,25,0,2,0.25,0.5
1966,0.25,55,1,1,0.75,1.5
1967,0.25,45,0,0,0.75,1.5
1968,0.25,27,0,2,0.375,0.75
1969,0.25,29,1,1,0.75,1.5
1970,0.25,23,1,1,1.0,2.0
1971,0.25,25,1,1,0.5,1.0
1972,0.25,36,0,1,0.0,0.0
1973,0.25,12,1,1,0.75,1.5
1974,0.25,38,2,1,0.5,1.0
1975,0.25,31,2,1,0.0,0.0
1976,0.25,23,1,1,1.0,2.0
1977,0.25,20,1,1,0.75,1.5
1978,0.25,36,1,1,1.0,2.0
1979,0.25,29,1,2,0.25,0.5
1980,0.25,26,1,1,0.5,1.0
1981,0.25,32,0,1,0.25,0.5
1982,0.25,31,1,2,0.25,0.5
1983,0.25,20,0,1,0.125,0.25
1984,0.25,13,1,1,0.5,1.0
1985,0.25,23,1,1,1.0,2.0
1986,0.25,24,1,1,0.25,0.5
1987,0.25,35,2,2,0.5,1.0
1988,0.25,30,0,1,0.0,0.0
1989,0.25,34,1,1,0.75,1.5
1990,0.25,29,2,2,0.25,0.5
1991,0.25,33,1,1,1.0,2.0
1992,0.25,31,2,1,0.5,1.0
1993,0.25,38,2,2,0.75,1.5
1994,0.25,25,0,1,0.75,1.5
1995,0.25,36,2,2,0.5,1.0
1996,0.25,38,1,1,0.625,1.25
1997,0.25,21,1,1,1.0,2.0
1998,0.25,59,2,1,0.25,0.5
1999,0.25,29,0,2,0.125,0.25
