,lambd,p,nnz,true_label,ones_label,exbs_label,ones_mu_label,exbs_mu_label,ones_gap,exbs_gap,ones_mu_gap,exbs_mu_gap
0,1.0,64,8,395,30,33,30,33,1.0,1.0,1.0,1.0
1,1.0,64,8,838,838,837,838,837,1.0,1.0,1.0,1.0
2,1.0,64,8,873,873,873,873,873,1.0,1.0,1.0,1.0
3,1.0,64,8,2,2,2,2,2,1.0,1.0,1.0,1.0
4,1.0,64,8,534,534,534,534,534,1.0,1.0,1.0,1.0
5,1.0,64,8,269,269,272,269,272,1.0,1.0,1.0,1.0
6,1.0,64,8,885,709,893,709,893,1.0,1.0,1.0,1.0
7,1.0,64,8,590,810,508,810,508,1.0,1.0,1.0,1.0
8,1.0,64,8,133,133,133,133,133,1.0,1.0,1.0,1.0
9,1.0,64,8,280,280,278,280,278,1.0,1.0,1.0,1.0
10,1.0,64,8,211,211,211,211,211,1.0,1.0,1.0,1.0
11,1.0,64,8,464,512,746,512,746,1.0,1.0,1.0,1.0
12,1.0,64,8,800,800,684,800,684,1.0,1.0,1.0,1.0
13,1.0,64,8,66,307,329,307,329,1.0,1.0,1.0,1.0
14,1.0,64,8,587,587,78,587,78,1.0,1.0,1.0,1.0
15,1.0,64,8,975,708,975,708,975,1.0,1.0,1.0,1.0
16,1.0,64,8,889,889,401,889,401,1.0,1.0,1.0,1.0
17,1.0,64,8,774,774,982,774,982,1.0,1.0,1.0,1.0
18,1.0,64,8,138,138,138,138,138,1.0,1.0,1.0,1.0
19,1.0,64,8,956,956,26,956,26,1.0,1.0,1.0,1.0
20,1.0,64,8,569,569,569,569,569,1.0,1.0,1.0,1.0
21,1.0,64,8,214,214,103,214,103,1.0,1.0,1.0,1.0
22,1.0,64,8,97,97,88,97,88,1.0,1.0,1.0,1.0
23,1.0,64,8,919,919,395,919,395,1.0,1.0,1.0,1.0
24,1.0,64,8,213,213,213,213,213,1.0,1.0,1.0,1.0
25,1.0,64,8,233,233,261,233,261,1.0,1.0,1.0,1.0
26,1.0,64,8,489,489,315,489,315,1.0,1.0,1.0,1.0
27,1.0,64,8,465,465,399,465,399,1.0,1.0,1.0,1.0
28,1.0,64,8,118,118,118,118,118,1.0,1.0,1.0,1.0
29,1.0,64,8,675,675,458,675,458,1.0,1.0,1.0,1.0
30,1.0,64,8,327,327,852,327,852,1.0,1.0,1.0,1.0
31,1.0,64,8,784,695,844,695,844,1.0,1.0,1.0,1.0
32,1.0,64,8,190,190,203,190,203,1.0,1.0,1.0,1.0
33,1.0,64,8,545,545,450,545,450,1.0,1.0,1.0,1.0
34,1.0,64,8,506,506,506,506,506,1.0,1.0,1.0,1.0
35,1.0,64,8,480,480,556,480,556,1.0,1.0,1.0,1.0
36,1.0,64,8,133,133,16,133,16,1.0,1.0,1.0,1.0
37,1.0,64,8,886,886,886,886,886,1.0,1.0,1.0,1.0
38,1.0,64,8,967,909,762,909,762,1.0,1.0,1.0,1.0
39,1.0,64,8,643,772,836,772,836,1.0,1.0,1.0,1.0
40,1.0,64,8,562,529,842,529,842,1.0,1.0,1.0,1.0
41,1.0,64,8,396,396,396,396,396,1.0,1.0,1.0,1.0
42,1.0,64,8,570,570,570,570,570,1.0,1.0,1.0,1.0
43,1.0,64,8,690,690,29,690,29,1.0,1.0,1.0,1.0
44,1.0,64,8,902,902,789,902,789,1.0,1.0,1.0,1.0
45,1.0,64,8,5,6,34,6,34,1.0,1.0,1.0,1.0
46,1.0,64,8,914,914,625,914,625,1.0,1.0,1.0,1.0
47,1.0,64,8,801,801,801,801,801,1.0,1.0,1.0,1.0
48,1.0,64,8,149,149,149,149,149,1.0,1.0,1.0,1.0
49,1.0,64,8,828,828,828,828,828,1.0,1.0,1.0,1.0
50,1.0,64,8,965,965,965,965,965,1.0,1.0,1.0,1.0
51,1.0,64,8,902,902,418,902,418,1.0,1.0,1.0,1.0
52,1.0,64,8,962,962,962,962,962,1.0,1.0,1.0,1.0
53,1.0,64,8,599,410,43,410,43,1.0,1.0,1.0,1.0
54,1.0,64,8,654,609,609,609,609,1.0,1.0,1.0,1.0
55,1.0,64,8,709,709,401,709,401,1.0,1.0,1.0,1.0
56,1.0,64,8,532,532,532,532,532,1.0,1.0,1.0,1.0
57,1.0,64,8,706,706,476,706,476,1.0,1.0,1.0,1.0
58,1.0,64,8,975,975,839,975,839,1.0,1.0,1.0,1.0
59,1.0,64,8,933,933,933,933,933,1.0,1.0,1.0,1.0
60,1.0,64,8,171,171,171,171,171,1.0,1.0,1.0,1.0
61,1.0,64,8,597,597,597,597,597,1.0,1.0,1.0,1.0
62,1.0,64,8,528,528,502,528,502,1.0,1.0,1.0,1.0
63,1.0,64,8,752,752,834,752,834,1.0,1.0,1.0,1.0
64,1.0,64,8,269,269,269,269,269,1.0,1.0,1.0,1.0
65,1.0,64,8,282,281,249,281,249,1.0,1.0,1.0,1.0
66,1.0,64,8,799,877,605,877,605,1.0,1.0,1.0,1.0
67,1.0,64,8,289,289,289,289,289,1.0,1.0,1.0,1.0
68,1.0,64,8,942,942,464,942,464,1.0,1.0,1.0,1.0
69,1.0,64,8,937,937,937,937,937,1.0,1.0,1.0,1.0
70,1.0,64,8,924,924,924,924,924,1.0,1.0,1.0,1.0
71,1.0,64,8,705,705,517,705,517,1.0,1.0,1.0,1.0
72,1.0,64,8,202,202,265,202,265,1.0,1.0,1.0,1.0
73,1.0,64,8,618,463,763,463,763,1.0,1.0,1.0,1.0
74,1.0,64,8,278,274,299,274,299,1.0,1.0,1.0,1.0
75,1.0,64,8,583,583,583,583,583,1.0,1.0,1.0,1.0
76,1.0,64,8,419,419,419,419,419,1.0,1.0,1.0,1.0
77,1.0,64,8,84,84,84,84,84,1.0,1.0,1.0,1.0
78,1.0,64,8,688,688,799,688,799,1.0,1.0,1.0,1.0
79,1.0,64,8,351,351,291,351,291,1.0,1.0,1.0,1.0
80,1.0,64,8,806,806,806,806,806,1.0,1.0,1.0,1.0
81,1.0,64,8,884,972,972,972,972,1.0,1.0,1.0,1.0
82,1.0,64,8,145,145,145,145,145,1.0,1.0,1.0,1.0
83,1.0,64,8,335,335,291,335,291,1.0,1.0,1.0,1.0
84,1.0,64,8,633,633,543,633,543,1.0,1.0,1.0,1.0
85,1.0,64,8,360,360,150,360,150,1.0,1.0,1.0,1.0
86,1.0,64,8,715,715,652,715,652,1.0,1.0,1.0,1.0
87,1.0,64,8,78,78,78,78,78,1.0,1.0,1.0,1.0
88,1.0,64,8,935,935,935,935,935,1.0,1.0,1.0,1.0
89,1.0,64,8,171,171,195,171,195,1.0,1.0,1.0,1.0
90,1.0,64,8,603,603,603,603,603,1.0,1.0,1.0,1.0
91,1.0,64,8,389,389,389,389,389,1.0,1.0,1.0,1.0
92,1.0,64,8,370,370,370,370,370,1.0,1.0,1.0,1.0
93,1.0,64,8,449,449,984,449,984,1.0,1.0,1.0,1.0
94,1.0,64,8,572,572,467,572,467,1.0,1.0,1.0,1.0
95,1.0,64,8,60,60,114,60,114,1.0,1.0,1.0,1.0
96,1.0,64,8,779,779,779,779,779,1.0,1.0,1.0,1.0
97,1.0,64,8,347,347,347,347,347,1.0,1.0,1.0,1.0
98,1.0,64,8,370,370,987,370,987,1.0,1.0,1.0,1.0
99,1.0,64,8,690,730,353,730,353,1.0,1.0,1.0,1.0
100,1.0,64,8,910,909,909,909,909,1.0,1.0,1.0,1.0
101,1.0,64,8,365,365,365,365,365,1.0,1.0,1.0,1.0
102,1.0,64,8,162,162,162,162,162,1.0,1.0,1.0,1.0
103,1.0,64,8,837,970,645,970,645,1.0,1.0,1.0,1.0
104,1.0,64,8,603,603,690,603,690,1.0,1.0,1.0,1.0
105,1.0,64,8,286,286,235,286,235,1.0,1.0,1.0,1.0
106,1.0,64,8,264,264,195,264,195,1.0,1.0,1.0,1.0
107,1.0,64,8,747,604,747,604,747,1.0,1.0,1.0,1.0
108,1.0,64,8,649,649,649,649,649,1.0,1.0,1.0,1.0
109,1.0,64,8,486,486,486,486,486,1.0,1.0,1.0,1.0
110,1.0,64,8,512,512,834,512,834,1.0,1.0,1.0,1.0
111,1.0,64,8,828,828,110,828,110,1.0,1.0,1.0,1.0
112,1.0,64,8,955,955,955,955,955,1.0,1.0,1.0,1.0
113,1.0,64,8,680,680,697,680,697,1.0,1.0,1.0,1.0
114,1.0,64,8,893,893,481,893,481,1.0,1.0,1.0,1.0
115,1.0,64,8,385,385,385,385,385,1.0,1.0,1.0,1.0
116,1.0,64,8,965,965,933,965,933,1.0,1.0,1.0,1.0
117,1.0,64,8,609,609,734,609,734,1.0,1.0,1.0,1.0
118,1.0,64,8,131,131,131,131,131,1.0,1.0,1.0,1.0
119,1.0,64,8,717,717,581,717,581,1.0,1.0,1.0,1.0
120,1.0,64,8,819,745,470,745,470,1.0,1.0,1.0,1.0
121,1.0,64,8,870,870,612,870,612,1.0,1.0,1.0,1.0
122,1.0,64,8,237,237,223,237,223,1.0,1.0,1.0,1.0
123,1.0,64,8,562,562,974,562,974,1.0,1.0,1.0,1.0
124,1.0,64,8,48,48,48,48,48,1.0,1.0,1.0,1.0
125,1.0,64,8,979,975,14,975,14,1.0,1.0,1.0,1.0
126,1.0,64,8,834,834,338,834,338,1.0,1.0,1.0,1.0
127,1.0,64,8,709,748,893,748,893,1.0,1.0,1.0,1.0
128,1.0,64,8,109,109,109,109,109,1.0,1.0,1.0,1.0
129,1.0,64,8,511,511,627,511,627,1.0,1.0,1.0,1.0
130,1.0,64,8,778,778,549,778,549,1.0,1.0,1.0,1.0
131,1.0,64,8,521,521,486,521,486,1.0,1.0,1.0,1.0
132,1.0,64,8,996,996,991,996,991,1.0,1.0,1.0,1.0
133,1.0,64,8,827,891,419,891,419,1.0,1.0,1.0,1.0
134,1.0,64,8,241,241,241,241,241,1.0,1.0,1.0,1.0
135,1.0,64,8,700,700,112,700,112,1.0,1.0,1.0,1.0
136,1.0,64,8,635,826,622,826,622,1.0,1.0,1.0,1.0
137,1.0,64,8,388,388,388,388,388,1.0,1.0,1.0,1.0
138,1.0,64,8,124,124,124,124,124,1.0,1.0,1.0,1.0
139,1.0,64,8,468,468,468,468,468,1.0,1.0,1.0,1.0
140,1.0,64,8,774,774,630,774,630,1.0,1.0,1.0,1.0
141,1.0,64,8,662,662,778,662,778,1.0,1.0,1.0,1.0
142,1.0,64,8,682,682,682,682,682,1.0,1.0,1.0,1.0
143,1.0,64,8,591,591,591,591,591,1.0,1.0,1.0,1.0
144,1.0,64,8,941,941,941,941,941,1.0,1.0,1.0,1.0
145,1.0,64,8,51,51,51,51,51,1.0,1.0,1.0,1.0
146,1.0,64,8,75,306,618,306,618,1.0,1.0,1.0,1.0
147,1.0,64,8,136,136,136,136,136,1.0,1.0,1.0,1.0
148,1.0,64,8,182,182,196,182,196,1.0,1.0,1.0,1.0
149,1.0,64,8,901,901,901,901,901,1.0,1.0,1.0,1.0
150,1.0,64,8,41,41,41,41,41,1.0,1.0,1.0,1.0
151,1.0,64,8,289,289,269,289,269,1.0,1.0,1.0,1.0
152,1.0,64,8,19,19,70,19,70,1.0,1.0,1.0,1.0
153,1.0,64,8,924,924,924,924,924,1.0,1.0,1.0,1.0
154,1.0,64,8,516,431,431,431,431,1.0,1.0,1.0,1.0
155,1.0,64,8,258,258,222,258,222,1.0,1.0,1.0,1.0
156,1.0,64,8,976,976,970,976,970,1.0,1.0,1.0,1.0
157,1.0,64,8,754,485,485,485,485,1.0,1.0,1.0,1.0
158,1.0,64,8,791,791,791,791,791,1.0,1.0,1.0,1.0
159,1.0,64,8,675,468,751,468,751,1.0,1.0,1.0,1.0
160,1.0,64,8,317,317,805,317,805,1.0,1.0,1.0,1.0
161,1.0,64,8,261,261,270,261,270,1.0,1.0,1.0,1.0
162,1.0,64,8,124,124,65,124,65,1.0,1.0,1.0,1.0
163,1.0,64,8,667,529,433,529,433,1.0,1.0,1.0,1.0
164,1.0,64,8,170,221,221,221,221,1.0,1.0,1.0,1.0
165,1.0,64,8,257,257,230,257,230,1.0,1.0,1.0,1.0
166,1.0,64,8,418,767,767,767,767,1.0,1.0,1.0,1.0
167,1.0,64,8,108,116,116,116,116,1.0,1.0,1.0,1.0
168,1.0,64,8,185,185,186,185,186,1.0,1.0,1.0,1.0
169,1.0,64,8,746,746,746,746,746,1.0,1.0,1.0,1.0
170,1.0,64,8,528,849,635,849,635,1.0,1.0,1.0,1.0
171,1.0,64,8,107,107,688,107,688,1.0,1.0,1.0,1.0
172,1.0,64,8,578,982,118,982,118,1.0,1.0,1.0,1.0
173,1.0,64,8,674,674,616,674,616,1.0,1.0,1.0,1.0
174,1.0,64,8,240,241,241,241,241,1.0,1.0,1.0,1.0
175,1.0,64,8,478,478,742,478,742,1.0,1.0,1.0,1.0
176,1.0,64,8,922,922,922,922,922,1.0,1.0,1.0,1.0
177,1.0,64,8,905,905,905,905,905,1.0,1.0,1.0,1.0
178,1.0,64,8,50,50,975,50,975,1.0,1.0,1.0,1.0
179,1.0,64,8,463,738,327,738,327,1.0,1.0,1.0,1.0
180,1.0,64,8,256,256,295,256,295,1.0,1.0,1.0,1.0
181,1.0,64,8,507,695,419,695,419,1.0,1.0,1.0,1.0
182,1.0,64,8,392,392,392,392,392,1.0,1.0,1.0,1.0
183,1.0,64,8,884,884,884,884,884,1.0,1.0,1.0,1.0
184,1.0,64,8,714,679,920,679,920,1.0,1.0,1.0,1.0
185,1.0,64,8,47,85,635,85,635,1.0,1.0,1.0,1.0
186,1.0,64,8,271,271,271,271,271,1.0,1.0,1.0,1.0
187,1.0,64,8,136,136,136,136,136,1.0,1.0,1.0,1.0
188,1.0,64,8,274,274,294,274,294,1.0,1.0,1.0,1.0
189,1.0,64,8,188,188,188,188,188,1.0,1.0,1.0,1.0
190,1.0,64,8,210,210,210,210,210,1.0,1.0,1.0,1.0
191,1.0,64,8,349,349,350,349,350,1.0,1.0,1.0,1.0
192,1.0,64,8,262,262,163,262,163,1.0,1.0,1.0,1.0
193,1.0,64,8,171,171,159,171,159,1.0,1.0,1.0,1.0
194,1.0,64,8,20,20,20,20,20,1.0,1.0,1.0,1.0
195,1.0,64,8,421,506,421,506,421,1.0,1.0,1.0,1.0
196,1.0,64,8,506,506,429,506,429,1.0,1.0,1.0,1.0
197,1.0,64,8,366,366,367,366,367,1.0,1.0,1.0,1.0
198,1.0,64,8,508,508,508,508,508,1.0,1.0,1.0,1.0
199,1.0,64,8,984,984,984,984,984,1.0,1.0,1.0,1.0
200,1.0,64,8,456,456,758,456,758,1.0,1.0,1.0,1.0
201,1.0,64,8,921,921,823,921,823,1.0,1.0,1.0,1.0
202,1.0,64,8,2,2,2,2,2,1.0,1.0,1.0,1.0
203,1.0,64,8,328,328,109,328,109,1.0,1.0,1.0,1.0
204,1.0,64,8,792,695,840,695,840,1.0,1.0,1.0,1.0
205,1.0,64,8,561,583,888,583,888,1.0,1.0,1.0,1.0
206,1.0,64,8,503,503,572,503,572,1.0,1.0,1.0,1.0
207,1.0,64,8,745,632,632,632,632,1.0,1.0,1.0,1.0
208,1.0,64,8,303,303,25,303,25,1.0,1.0,1.0,1.0
209,1.0,64,8,111,111,111,111,111,1.0,1.0,1.0,1.0
210,1.0,64,8,996,996,996,996,996,1.0,1.0,1.0,1.0
211,1.0,64,8,891,891,891,891,891,1.0,1.0,1.0,1.0
212,1.0,64,8,504,750,722,750,722,1.0,1.0,1.0,1.0
213,1.0,64,8,908,908,525,908,525,1.0,1.0,1.0,1.0
214,1.0,64,8,348,348,343,348,343,1.0,1.0,1.0,1.0
215,1.0,64,8,702,702,579,702,579,1.0,1.0,1.0,1.0
216,1.0,64,8,681,620,606,620,606,1.0,1.0,1.0,1.0
217,1.0,64,8,702,702,702,702,702,1.0,1.0,1.0,1.0
218,1.0,64,8,603,603,830,603,830,1.0,1.0,1.0,1.0
219,1.0,64,8,206,206,206,206,206,1.0,1.0,1.0,1.0
220,1.0,64,8,703,402,402,402,402,1.0,1.0,1.0,1.0
221,1.0,64,8,561,561,561,561,561,1.0,1.0,1.0,1.0
222,1.0,64,8,893,709,859,709,859,1.0,1.0,1.0,1.0
223,1.0,64,8,36,37,37,37,37,1.0,1.0,1.0,1.0
224,1.0,64,8,694,694,694,694,694,1.0,1.0,1.0,1.0
225,1.0,64,8,942,964,932,964,932,1.0,1.0,1.0,1.0
226,1.0,64,8,961,961,112,961,112,1.0,1.0,1.0,1.0
227,1.0,64,8,561,410,583,410,583,1.0,1.0,1.0,1.0
228,1.0,64,8,378,378,378,378,378,1.0,1.0,1.0,1.0
229,1.0,64,8,61,61,61,61,61,1.0,1.0,1.0,1.0
230,1.0,64,8,807,610,608,610,608,1.0,1.0,1.0,1.0
231,1.0,64,8,523,523,543,523,543,1.0,1.0,1.0,1.0
232,1.0,64,8,85,85,85,85,85,1.0,1.0,1.0,1.0
233,1.0,64,8,26,26,26,26,26,1.0,1.0,1.0,1.0
234,1.0,64,8,999,968,508,968,508,1.0,1.0,1.0,1.0
235,1.0,64,8,414,636,399,636,399,1.0,1.0,1.0,1.0
236,1.0,64,8,58,58,277,58,277,1.0,1.0,1.0,1.0
237,1.0,64,8,635,685,685,685,685,1.0,1.0,1.0,1.0
238,1.0,64,8,576,576,576,576,576,1.0,1.0,1.0,1.0
239,1.0,64,8,706,706,707,706,707,1.0,1.0,1.0,1.0
240,1.0,64,8,547,547,547,547,547,1.0,1.0,1.0,1.0
241,1.0,64,8,32,30,30,30,30,1.0,1.0,1.0,1.0
242,1.0,64,8,990,990,955,990,955,1.0,1.0,1.0,1.0
243,1.0,64,8,631,631,504,631,504,1.0,1.0,1.0,1.0
244,1.0,64,8,879,879,879,879,879,1.0,1.0,1.0,1.0
245,1.0,64,8,388,361,423,361,423,1.0,1.0,1.0,1.0
246,1.0,64,8,476,476,821,476,821,1.0,1.0,1.0,1.0
247,1.0,64,8,546,402,402,402,402,1.0,1.0,1.0,1.0
248,1.0,64,8,127,127,127,127,127,1.0,1.0,1.0,1.0
249,1.0,64,8,145,145,145,145,145,1.0,1.0,1.0,1.0
250,1.0,64,8,109,109,109,109,109,1.0,1.0,1.0,1.0
251,1.0,64,8,660,757,656,757,656,1.0,1.0,1.0,1.0
252,1.0,64,8,131,131,131,131,131,1.0,1.0,1.0,1.0
253,1.0,64,8,938,924,965,924,965,1.0,1.0,1.0,1.0
254,1.0,64,8,669,669,619,669,619,1.0,1.0,1.0,1.0
255,1.0,64,8,160,160,338,160,338,1.0,1.0,1.0,1.0
256,1.0,64,8,501,501,903,501,903,1.0,1.0,1.0,1.0
257,1.0,64,8,856,856,609,856,609,1.0,1.0,1.0,1.0
258,1.0,64,8,523,523,491,523,491,1.0,1.0,1.0,1.0
259,1.0,64,8,303,303,310,303,310,1.0,1.0,1.0,1.0
260,1.0,64,8,344,344,344,344,344,1.0,1.0,1.0,1.0
261,1.0,64,8,67,67,63,67,63,1.0,1.0,1.0,1.0
262,1.0,64,8,188,188,188,188,188,1.0,1.0,1.0,1.0
263,1.0,64,8,73,73,73,73,73,1.0,1.0,1.0,1.0
264,1.0,64,8,670,670,818,670,818,1.0,1.0,1.0,1.0
265,1.0,64,8,188,202,202,202,202,1.0,1.0,1.0,1.0
266,1.0,64,8,362,362,362,362,362,1.0,1.0,1.0,1.0
267,1.0,64,8,965,965,112,965,112,1.0,1.0,1.0,1.0
268,1.0,64,8,477,477,485,477,485,1.0,1.0,1.0,1.0
269,1.0,64,8,68,66,66,66,66,1.0,1.0,1.0,1.0
270,1.0,64,8,838,711,422,711,422,1.0,1.0,1.0,1.0
271,1.0,64,8,721,721,721,721,721,1.0,1.0,1.0,1.0
272,1.0,64,8,452,452,998,452,998,1.0,1.0,1.0,1.0
273,1.0,64,8,981,981,981,981,981,1.0,1.0,1.0,1.0
274,1.0,64,8,711,711,737,711,737,1.0,1.0,1.0,1.0
275,1.0,64,8,675,757,867,757,867,1.0,1.0,1.0,1.0
276,1.0,64,8,472,472,472,472,472,1.0,1.0,1.0,1.0
277,1.0,64,8,706,580,879,580,879,1.0,1.0,1.0,1.0
278,1.0,64,8,794,578,887,578,887,1.0,1.0,1.0,1.0
279,1.0,64,8,407,407,407,407,407,1.0,1.0,1.0,1.0
280,1.0,64,8,561,561,561,561,561,1.0,1.0,1.0,1.0
281,1.0,64,8,963,611,981,611,981,1.0,1.0,1.0,1.0
282,1.0,64,8,941,941,941,941,941,1.0,1.0,1.0,1.0
283,1.0,64,8,566,566,566,566,566,1.0,1.0,1.0,1.0
284,1.0,64,8,927,927,969,927,969,1.0,1.0,1.0,1.0
285,1.0,64,8,986,986,986,986,986,1.0,1.0,1.0,1.0
286,1.0,64,8,94,94,94,94,94,1.0,1.0,1.0,1.0
287,1.0,64,8,3,3,5,3,5,1.0,1.0,1.0,1.0
288,1.0,64,8,209,209,209,209,209,1.0,1.0,1.0,1.0
289,1.0,64,8,1,1,719,1,719,1.0,1.0,1.0,1.0
290,1.0,64,8,571,449,555,449,555,1.0,1.0,1.0,1.0
291,1.0,64,8,201,201,201,201,201,1.0,1.0,1.0,1.0
292,1.0,64,8,116,116,32,116,32,1.0,1.0,1.0,1.0
293,1.0,64,8,451,451,451,451,451,1.0,1.0,1.0,1.0
294,1.0,64,8,476,476,476,476,476,1.0,1.0,1.0,1.0
295,1.0,64,8,773,773,844,773,844,1.0,1.0,1.0,1.0
296,1.0,64,8,341,343,343,343,343,1.0,1.0,1.0,1.0
297,1.0,64,8,697,823,822,823,822,1.0,1.0,1.0,1.0
298,1.0,64,8,863,863,863,863,863,1.0,1.0,1.0,1.0
299,1.0,64,8,78,78,116,78,116,1.0,1.0,1.0,1.0
300,1.0,64,8,779,779,908,779,908,1.0,1.0,1.0,1.0
301,1.0,64,8,90,90,90,90,90,1.0,1.0,1.0,1.0
302,1.0,64,8,39,39,46,39,46,1.0,1.0,1.0,1.0
303,1.0,64,8,525,525,580,525,580,1.0,1.0,1.0,1.0
304,1.0,64,8,787,787,941,787,941,1.0,1.0,1.0,1.0
305,1.0,64,8,715,715,636,715,636,1.0,1.0,1.0,1.0
306,1.0,64,8,182,182,286,182,286,1.0,1.0,1.0,1.0
307,1.0,64,8,415,415,415,415,415,1.0,1.0,1.0,1.0
308,1.0,64,8,672,672,672,672,672,1.0,1.0,1.0,1.0
309,1.0,64,8,221,221,256,221,256,1.0,1.0,1.0,1.0
310,1.0,64,8,678,982,797,982,797,1.0,1.0,1.0,1.0
311,1.0,64,8,453,453,453,453,453,1.0,1.0,1.0,1.0
312,1.0,64,8,76,76,68,76,68,1.0,1.0,1.0,1.0
313,1.0,64,8,519,519,519,519,519,1.0,1.0,1.0,1.0
314,1.0,64,8,25,25,77,25,77,1.0,1.0,1.0,1.0
315,1.0,64,8,197,183,208,183,208,1.0,1.0,1.0,1.0
316,1.0,64,8,101,101,101,101,101,1.0,1.0,1.0,1.0
317,1.0,64,8,795,795,552,795,552,1.0,1.0,1.0,1.0
318,1.0,64,8,902,485,795,485,795,1.0,1.0,1.0,1.0
319,1.0,64,8,170,170,170,170,170,1.0,1.0,1.0,1.0
320,1.0,64,8,316,316,316,316,316,1.0,1.0,1.0,1.0
321,1.0,64,8,382,382,382,382,382,1.0,1.0,1.0,1.0
322,1.0,64,8,997,997,997,997,997,1.0,1.0,1.0,1.0
323,1.0,64,8,108,985,89,985,89,1.0,1.0,1.0,1.0
324,1.0,64,8,441,441,470,441,470,1.0,1.0,1.0,1.0
325,1.0,64,8,488,679,855,679,855,1.0,1.0,1.0,1.0
326,1.0,64,8,971,971,125,971,125,1.0,1.0,1.0,1.0
327,1.0,64,8,207,207,184,207,184,1.0,1.0,1.0,1.0
328,1.0,64,8,363,363,363,363,363,1.0,1.0,1.0,1.0
329,1.0,64,8,794,794,794,794,794,1.0,1.0,1.0,1.0
330,1.0,64,8,336,336,294,336,294,1.0,1.0,1.0,1.0
331,1.0,64,8,159,162,273,162,273,1.0,1.0,1.0,1.0
332,1.0,64,8,640,640,640,640,640,1.0,1.0,1.0,1.0
333,1.0,64,8,951,951,11,951,11,1.0,1.0,1.0,1.0
334,1.0,64,8,108,108,108,108,108,1.0,1.0,1.0,1.0
335,1.0,64,8,747,747,920,747,920,1.0,1.0,1.0,1.0
336,1.0,64,8,827,827,553,827,553,1.0,1.0,1.0,1.0
337,1.0,64,8,224,224,764,224,764,1.0,1.0,1.0,1.0
338,1.0,64,8,812,812,862,812,862,1.0,1.0,1.0,1.0
339,1.0,64,8,524,524,505,524,505,1.0,1.0,1.0,1.0
340,1.0,64,8,641,641,641,641,641,1.0,1.0,1.0,1.0
341,1.0,64,8,272,259,273,259,273,1.0,1.0,1.0,1.0
342,1.0,64,8,134,81,780,81,780,1.0,1.0,1.0,1.0
343,1.0,64,8,64,64,55,64,55,1.0,1.0,1.0,1.0
344,1.0,64,8,891,891,891,891,891,1.0,1.0,1.0,1.0
345,1.0,64,8,757,757,757,757,757,1.0,1.0,1.0,1.0
346,1.0,64,8,296,296,149,296,149,1.0,1.0,1.0,1.0
347,1.0,64,8,426,426,544,426,544,1.0,1.0,1.0,1.0
348,1.0,64,8,649,649,483,649,483,1.0,1.0,1.0,1.0
349,1.0,64,8,84,84,92,84,92,1.0,1.0,1.0,1.0
350,1.0,64,8,350,350,150,350,150,1.0,1.0,1.0,1.0
351,1.0,64,8,480,800,823,800,823,1.0,1.0,1.0,1.0
352,1.0,64,8,115,115,116,115,116,1.0,1.0,1.0,1.0
353,1.0,64,8,867,867,867,867,867,1.0,1.0,1.0,1.0
354,1.0,64,8,130,130,129,130,129,1.0,1.0,1.0,1.0
355,1.0,64,8,727,727,580,727,580,1.0,1.0,1.0,1.0
356,1.0,64,8,634,634,912,634,912,1.0,1.0,1.0,1.0
357,1.0,64,8,774,419,419,419,419,1.0,1.0,1.0,1.0
358,1.0,64,8,444,444,616,444,616,1.0,1.0,1.0,1.0
359,1.0,64,8,147,147,147,147,147,1.0,1.0,1.0,1.0
360,1.0,64,8,73,77,77,77,77,1.0,1.0,1.0,1.0
361,1.0,64,8,886,454,424,454,424,1.0,1.0,1.0,1.0
362,1.0,64,8,287,287,101,287,101,1.0,1.0,1.0,1.0
363,1.0,64,8,142,142,140,142,140,1.0,1.0,1.0,1.0
364,1.0,64,8,127,128,128,128,128,1.0,1.0,1.0,1.0
365,1.0,64,8,200,155,160,155,160,1.0,1.0,1.0,1.0
366,1.0,64,8,723,723,320,723,320,1.0,1.0,1.0,1.0
367,1.0,64,8,972,972,972,972,972,1.0,1.0,1.0,1.0
368,1.0,64,8,225,225,225,225,225,1.0,1.0,1.0,1.0
369,1.0,64,8,319,319,318,319,318,1.0,1.0,1.0,1.0
370,1.0,64,8,750,750,831,750,831,1.0,1.0,1.0,1.0
371,1.0,64,8,462,462,905,462,905,1.0,1.0,1.0,1.0
372,1.0,64,8,941,941,942,941,942,1.0,1.0,1.0,1.0
373,1.0,64,8,840,840,840,840,840,1.0,1.0,1.0,1.0
374,1.0,64,8,574,574,574,574,574,1.0,1.0,1.0,1.0
375,1.0,64,8,724,724,472,724,472,1.0,1.0,1.0,1.0
376,1.0,64,8,388,388,166,388,166,1.0,1.0,1.0,1.0
377,1.0,64,8,258,258,258,258,258,1.0,1.0,1.0,1.0
378,1.0,64,8,564,564,687,564,687,1.0,1.0,1.0,1.0
379,1.0,64,8,144,144,144,144,144,1.0,1.0,1.0,1.0
380,1.0,64,8,804,804,673,804,673,1.0,1.0,1.0,1.0
381,1.0,64,8,22,22,22,22,22,1.0,1.0,1.0,1.0
382,1.0,64,8,421,790,791,790,791,1.0,1.0,1.0,1.0
383,1.0,64,8,376,376,376,376,376,1.0,1.0,1.0,1.0
384,1.0,64,8,747,747,483,747,483,1.0,1.0,1.0,1.0
385,1.0,64,8,888,888,663,888,663,1.0,1.0,1.0,1.0
386,1.0,64,8,845,845,593,845,593,1.0,1.0,1.0,1.0
387,1.0,64,8,368,355,772,355,772,1.0,1.0,1.0,1.0
388,1.0,64,8,86,86,85,86,85,1.0,1.0,1.0,1.0
389,1.0,64,8,76,76,568,76,568,1.0,1.0,1.0,1.0
390,1.0,64,8,306,306,451,306,451,1.0,1.0,1.0,1.0
391,1.0,64,8,289,289,281,289,281,1.0,1.0,1.0,1.0
392,1.0,64,8,108,108,108,108,108,1.0,1.0,1.0,1.0
393,1.0,64,8,679,679,679,679,679,1.0,1.0,1.0,1.0
394,1.0,64,8,948,948,951,948,951,1.0,1.0,1.0,1.0
395,1.0,64,8,249,249,248,249,248,1.0,1.0,1.0,1.0
396,1.0,64,8,651,651,516,651,516,1.0,1.0,1.0,1.0
397,1.0,64,8,110,110,963,110,963,1.0,1.0,1.0,1.0
398,1.0,64,8,129,129,129,129,129,1.0,1.0,1.0,1.0
399,1.0,64,8,416,416,146,416,146,1.0,1.0,1.0,1.0
400,1.0,64,8,18,18,604,18,604,1.0,1.0,1.0,1.0
401,1.0,64,8,727,727,727,727,727,1.0,1.0,1.0,1.0
402,1.0,64,8,813,960,960,960,960,1.0,1.0,1.0,1.0
403,1.0,64,8,295,295,239,295,239,1.0,1.0,1.0,1.0
404,1.0,64,8,671,671,671,671,671,1.0,1.0,1.0,1.0
405,1.0,64,8,623,587,549,587,549,1.0,1.0,1.0,1.0
406,1.0,64,8,518,518,966,518,966,1.0,1.0,1.0,1.0
407,1.0,64,8,238,238,238,238,238,1.0,1.0,1.0,1.0
408,1.0,64,8,202,202,182,202,182,1.0,1.0,1.0,1.0
409,1.0,64,8,377,381,904,381,904,1.0,1.0,1.0,1.0
410,1.0,64,8,151,151,187,151,187,1.0,1.0,1.0,1.0
411,1.0,64,8,582,860,860,860,860,1.0,1.0,1.0,1.0
412,1.0,64,8,939,939,341,939,341,1.0,1.0,1.0,1.0
413,1.0,64,8,442,442,675,442,675,1.0,1.0,1.0,1.0
414,1.0,64,8,391,391,843,391,843,1.0,1.0,1.0,1.0
415,1.0,64,8,955,955,955,955,955,1.0,1.0,1.0,1.0
416,1.0,64,8,892,892,892,892,892,1.0,1.0,1.0,1.0
417,1.0,64,8,969,441,441,441,441,1.0,1.0,1.0,1.0
418,1.0,64,8,533,533,721,533,721,1.0,1.0,1.0,1.0
419,1.0,64,8,27,27,27,27,27,1.0,1.0,1.0,1.0
420,1.0,64,8,698,698,698,698,698,1.0,1.0,1.0,1.0
421,1.0,64,8,502,770,616,770,616,1.0,1.0,1.0,1.0
422,1.0,64,8,749,749,700,749,700,1.0,1.0,1.0,1.0
423,1.0,64,8,396,396,340,396,340,1.0,1.0,1.0,1.0
424,1.0,64,8,315,315,315,315,315,1.0,1.0,1.0,1.0
425,1.0,64,8,851,851,504,851,504,1.0,1.0,1.0,1.0
426,1.0,64,8,498,498,812,498,812,1.0,1.0,1.0,1.0
427,1.0,64,8,241,241,217,241,217,1.0,1.0,1.0,1.0
428,1.0,64,8,76,76,76,76,76,1.0,1.0,1.0,1.0
429,1.0,64,8,535,535,560,535,560,1.0,1.0,1.0,1.0
430,1.0,64,8,767,767,966,767,966,1.0,1.0,1.0,1.0
431,1.0,64,8,383,383,850,383,850,1.0,1.0,1.0,1.0
432,1.0,64,8,141,141,141,141,141,1.0,1.0,1.0,1.0
433,1.0,64,8,829,829,829,829,829,1.0,1.0,1.0,1.0
434,1.0,64,8,744,747,769,747,769,1.0,1.0,1.0,1.0
435,1.0,64,8,337,337,331,337,331,1.0,1.0,1.0,1.0
436,1.0,64,8,63,60,53,60,53,1.0,1.0,1.0,1.0
437,1.0,64,8,317,317,59,317,59,1.0,1.0,1.0,1.0
438,1.0,64,8,326,326,326,326,326,1.0,1.0,1.0,1.0
439,1.0,64,8,716,552,716,552,716,1.0,1.0,1.0,1.0
440,1.0,64,8,637,744,888,744,888,1.0,1.0,1.0,1.0
441,1.0,64,8,771,771,786,771,786,1.0,1.0,1.0,1.0
442,1.0,64,8,263,263,919,263,919,1.0,1.0,1.0,1.0
443,1.0,64,8,209,209,209,209,209,1.0,1.0,1.0,1.0
444,1.0,64,8,414,842,793,842,793,1.0,1.0,1.0,1.0
445,1.0,64,8,950,950,940,950,940,1.0,1.0,1.0,1.0
446,1.0,64,8,989,989,989,989,989,1.0,1.0,1.0,1.0
447,1.0,64,8,470,470,470,470,470,1.0,1.0,1.0,1.0
448,1.0,64,8,994,994,949,994,949,1.0,1.0,1.0,1.0
449,1.0,64,8,141,141,2,141,2,1.0,1.0,1.0,1.0
450,1.0,64,8,602,797,797,797,797,1.0,1.0,1.0,1.0
451,1.0,64,8,78,75,78,75,78,1.0,1.0,1.0,1.0
452,1.0,64,8,504,967,469,967,469,1.0,1.0,1.0,1.0
453,1.0,64,8,506,506,506,506,506,1.0,1.0,1.0,1.0
454,1.0,64,8,610,610,443,610,443,1.0,1.0,1.0,1.0
455,1.0,64,8,20,20,142,20,142,1.0,1.0,1.0,1.0
456,1.0,64,8,537,537,537,537,537,1.0,1.0,1.0,1.0
457,1.0,64,8,470,470,702,470,702,1.0,1.0,1.0,1.0
458,1.0,64,8,440,907,860,907,860,1.0,1.0,1.0,1.0
459,1.0,64,8,41,41,305,41,305,1.0,1.0,1.0,1.0
460,1.0,64,8,103,103,103,103,103,1.0,1.0,1.0,1.0
461,1.0,64,8,990,990,990,990,990,1.0,1.0,1.0,1.0
462,1.0,64,8,54,54,982,54,982,1.0,1.0,1.0,1.0
463,1.0,64,8,441,441,968,441,968,1.0,1.0,1.0,1.0
464,1.0,64,8,980,980,980,980,980,1.0,1.0,1.0,1.0
465,1.0,64,8,698,698,698,698,698,1.0,1.0,1.0,1.0
466,1.0,64,8,136,136,59,136,59,1.0,1.0,1.0,1.0
467,1.0,64,8,383,383,135,383,135,1.0,1.0,1.0,1.0
468,1.0,64,8,372,372,373,372,373,1.0,1.0,1.0,1.0
469,1.0,64,8,269,269,269,269,269,1.0,1.0,1.0,1.0
470,1.0,64,8,890,890,890,890,890,1.0,1.0,1.0,1.0
471,1.0,64,8,522,522,621,522,621,1.0,1.0,1.0,1.0
472,1.0,64,8,260,260,260,260,260,1.0,1.0,1.0,1.0
473,1.0,64,8,860,654,791,654,791,1.0,1.0,1.0,1.0
474,1.0,64,8,308,308,308,308,308,1.0,1.0,1.0,1.0
475,1.0,64,8,926,926,125,926,125,1.0,1.0,1.0,1.0
476,1.0,64,8,304,304,304,304,304,1.0,1.0,1.0,1.0
477,1.0,64,8,715,715,608,715,608,1.0,1.0,1.0,1.0
478,1.0,64,8,409,409,892,409,892,1.0,1.0,1.0,1.0
479,1.0,64,8,841,841,785,841,785,1.0,1.0,1.0,1.0
480,1.0,64,8,894,831,894,831,894,1.0,1.0,1.0,1.0
481,1.0,64,8,574,574,574,574,574,1.0,1.0,1.0,1.0
482,1.0,64,8,876,806,774,806,774,1.0,1.0,1.0,1.0
483,1.0,64,8,718,449,668,449,668,1.0,1.0,1.0,1.0
484,1.0,64,8,497,425,442,425,442,1.0,1.0,1.0,1.0
485,1.0,64,8,196,196,196,196,196,1.0,1.0,1.0,1.0
486,1.0,64,8,582,582,938,582,938,1.0,1.0,1.0,1.0
487,1.0,64,8,953,953,953,953,953,1.0,1.0,1.0,1.0
488,1.0,64,8,32,32,31,32,31,1.0,1.0,1.0,1.0
489,1.0,64,8,558,424,402,424,402,1.0,1.0,1.0,1.0
490,1.0,64,8,396,396,119,396,119,1.0,1.0,1.0,1.0
491,1.0,64,8,182,182,182,182,182,1.0,1.0,1.0,1.0
492,1.0,64,8,683,683,683,683,683,1.0,1.0,1.0,1.0
493,1.0,64,8,464,636,399,636,399,1.0,1.0,1.0,1.0
494,1.0,64,8,970,979,970,979,970,1.0,1.0,1.0,1.0
495,1.0,64,8,961,659,666,659,666,1.0,1.0,1.0,1.0
496,1.0,64,8,760,760,737,760,737,1.0,1.0,1.0,1.0
497,1.0,64,8,735,456,401,456,401,1.0,1.0,1.0,1.0
498,1.0,64,8,550,550,550,550,550,1.0,1.0,1.0,1.0
499,1.0,64,8,257,257,257,257,257,1.0,1.0,1.0,1.0
500,1.0,64,8,965,965,963,965,963,1.0,1.0,1.0,1.0
501,1.0,64,8,313,315,315,315,315,1.0,1.0,1.0,1.0
502,1.0,64,8,44,44,82,44,82,1.0,1.0,1.0,1.0
503,1.0,64,8,316,316,316,316,316,1.0,1.0,1.0,1.0
504,1.0,64,8,653,488,488,488,488,1.0,1.0,1.0,1.0
505,1.0,64,8,248,248,277,248,277,1.0,1.0,1.0,1.0
506,1.0,64,8,795,795,391,795,391,1.0,1.0,1.0,1.0
507,1.0,64,8,39,39,55,39,55,1.0,1.0,1.0,1.0
508,1.0,64,8,138,138,138,138,138,1.0,1.0,1.0,1.0
509,1.0,64,8,877,753,699,753,699,1.0,1.0,1.0,1.0
510,1.0,64,8,47,320,119,320,119,1.0,1.0,1.0,1.0
511,1.0,64,8,732,732,528,732,528,1.0,1.0,1.0,1.0
512,1.0,64,8,337,336,372,336,372,1.0,1.0,1.0,1.0
513,1.0,64,8,317,317,317,317,317,1.0,1.0,1.0,1.0
514,1.0,64,8,578,578,578,578,578,1.0,1.0,1.0,1.0
515,1.0,64,8,504,504,737,504,737,1.0,1.0,1.0,1.0
516,1.0,64,8,479,479,479,479,479,1.0,1.0,1.0,1.0
517,1.0,64,8,298,298,298,298,298,1.0,1.0,1.0,1.0
518,1.0,64,8,924,924,932,924,932,1.0,1.0,1.0,1.0
519,1.0,64,8,820,820,820,820,820,1.0,1.0,1.0,1.0
520,1.0,64,8,188,188,188,188,188,1.0,1.0,1.0,1.0
521,1.0,64,8,782,598,442,598,442,1.0,1.0,1.0,1.0
522,1.0,64,8,278,278,277,278,277,1.0,1.0,1.0,1.0
523,1.0,64,8,674,674,545,674,545,1.0,1.0,1.0,1.0
524,1.0,64,8,399,399,223,399,223,1.0,1.0,1.0,1.0
525,1.0,64,8,903,903,629,903,629,1.0,1.0,1.0,1.0
526,1.0,64,8,81,81,81,81,81,1.0,1.0,1.0,1.0
527,1.0,64,8,612,612,612,612,612,1.0,1.0,1.0,1.0
528,1.0,64,8,63,63,63,63,63,1.0,1.0,1.0,1.0
529,1.0,64,8,194,194,170,194,170,1.0,1.0,1.0,1.0
530,1.0,64,8,983,983,701,983,701,1.0,1.0,1.0,1.0
531,1.0,64,8,557,557,839,557,839,1.0,1.0,1.0,1.0
532,1.0,64,8,586,586,561,586,561,1.0,1.0,1.0,1.0
533,1.0,64,8,127,127,127,127,127,1.0,1.0,1.0,1.0
534,1.0,64,8,655,747,543,747,543,1.0,1.0,1.0,1.0
535,1.0,64,8,323,323,323,323,323,1.0,1.0,1.0,1.0
536,1.0,64,8,425,425,425,425,425,1.0,1.0,1.0,1.0
537,1.0,64,8,28,28,28,28,28,1.0,1.0,1.0,1.0
538,1.0,64,8,116,116,116,116,116,1.0,1.0,1.0,1.0
539,1.0,64,8,738,738,738,738,738,1.0,1.0,1.0,1.0
540,1.0,64,8,435,529,419,529,419,1.0,1.0,1.0,1.0
541,1.0,64,8,335,106,14,106,14,1.0,1.0,1.0,1.0
542,1.0,64,8,126,126,126,126,126,1.0,1.0,1.0,1.0
543,1.0,64,8,211,159,211,159,211,1.0,1.0,1.0,1.0
544,1.0,64,8,424,424,751,424,751,1.0,1.0,1.0,1.0
545,1.0,64,8,397,397,114,397,114,1.0,1.0,1.0,1.0
546,1.0,64,8,591,591,591,591,591,1.0,1.0,1.0,1.0
547,1.0,64,8,903,903,903,903,903,1.0,1.0,1.0,1.0
548,1.0,64,8,261,261,374,261,374,1.0,1.0,1.0,1.0
549,1.0,64,8,458,458,458,458,458,1.0,1.0,1.0,1.0
550,1.0,64,8,407,407,627,407,627,1.0,1.0,1.0,1.0
551,1.0,64,8,871,404,588,404,588,1.0,1.0,1.0,1.0
552,1.0,64,8,671,671,671,671,671,1.0,1.0,1.0,1.0
553,1.0,64,8,622,759,553,759,553,1.0,1.0,1.0,1.0
554,1.0,64,8,753,753,707,753,707,1.0,1.0,1.0,1.0
555,1.0,64,8,556,556,727,556,727,1.0,1.0,1.0,1.0
556,1.0,64,8,882,882,999,882,999,1.0,1.0,1.0,1.0
557,1.0,64,8,241,241,241,241,241,1.0,1.0,1.0,1.0
558,1.0,64,8,979,979,979,979,979,1.0,1.0,1.0,1.0
559,1.0,64,8,640,640,539,640,539,1.0,1.0,1.0,1.0
560,1.0,64,8,82,82,81,82,81,1.0,1.0,1.0,1.0
561,1.0,64,8,913,913,913,913,913,1.0,1.0,1.0,1.0
562,1.0,64,8,629,629,629,629,629,1.0,1.0,1.0,1.0
563,1.0,64,8,578,578,578,578,578,1.0,1.0,1.0,1.0
564,1.0,64,8,758,758,563,758,563,1.0,1.0,1.0,1.0
565,1.0,64,8,809,925,948,925,948,1.0,1.0,1.0,1.0
566,1.0,64,8,287,287,287,287,287,1.0,1.0,1.0,1.0
567,1.0,64,8,518,518,518,518,518,1.0,1.0,1.0,1.0
568,1.0,64,8,734,734,609,734,609,1.0,1.0,1.0,1.0
569,1.0,64,8,507,507,507,507,507,1.0,1.0,1.0,1.0
570,1.0,64,8,776,776,875,776,875,1.0,1.0,1.0,1.0
571,1.0,64,8,127,127,127,127,127,1.0,1.0,1.0,1.0
572,1.0,64,8,160,160,346,160,346,1.0,1.0,1.0,1.0
573,1.0,64,8,485,592,469,592,469,1.0,1.0,1.0,1.0
574,1.0,64,8,959,959,509,959,509,1.0,1.0,1.0,1.0
575,1.0,64,8,894,799,789,799,789,1.0,1.0,1.0,1.0
576,1.0,64,8,490,109,490,109,490,1.0,1.0,1.0,1.0
577,1.0,64,8,435,876,178,876,178,1.0,1.0,1.0,1.0
578,1.0,64,8,843,843,671,843,671,1.0,1.0,1.0,1.0
579,1.0,64,8,511,511,609,511,609,1.0,1.0,1.0,1.0
580,1.0,64,8,154,154,259,154,259,1.0,1.0,1.0,1.0
581,1.0,64,8,911,911,113,911,113,1.0,1.0,1.0,1.0
582,1.0,64,8,904,904,904,904,904,1.0,1.0,1.0,1.0
583,1.0,64,8,946,946,946,946,946,1.0,1.0,1.0,1.0
584,1.0,64,8,423,423,797,423,797,1.0,1.0,1.0,1.0
585,1.0,64,8,516,520,750,520,750,1.0,1.0,1.0,1.0
586,1.0,64,8,598,548,548,548,548,1.0,1.0,1.0,1.0
587,1.0,64,8,924,666,924,666,924,1.0,1.0,1.0,1.0
588,1.0,64,8,141,141,853,141,853,1.0,1.0,1.0,1.0
589,1.0,64,8,211,211,211,211,211,1.0,1.0,1.0,1.0
590,1.0,64,8,913,913,391,913,391,1.0,1.0,1.0,1.0
591,1.0,64,8,838,631,692,631,692,1.0,1.0,1.0,1.0
592,1.0,64,8,422,543,785,543,785,1.0,1.0,1.0,1.0
593,1.0,64,8,361,361,359,361,359,1.0,1.0,1.0,1.0
594,1.0,64,8,86,86,141,86,141,1.0,1.0,1.0,1.0
595,1.0,64,8,715,715,715,715,715,1.0,1.0,1.0,1.0
596,1.0,64,8,537,537,537,537,537,1.0,1.0,1.0,1.0
597,1.0,64,8,564,564,945,564,945,1.0,1.0,1.0,1.0
598,1.0,64,8,139,86,54,86,54,1.0,1.0,1.0,1.0
599,1.0,64,8,982,617,669,617,669,1.0,1.0,1.0,1.0
600,1.0,64,8,965,965,965,965,965,1.0,1.0,1.0,1.0
601,1.0,64,8,662,754,593,754,593,1.0,1.0,1.0,1.0
602,1.0,64,8,900,900,900,900,900,1.0,1.0,1.0,1.0
603,1.0,64,8,450,450,802,450,802,1.0,1.0,1.0,1.0
604,1.0,64,8,953,953,862,953,862,1.0,1.0,1.0,1.0
605,1.0,64,8,966,966,883,966,883,1.0,1.0,1.0,1.0
606,1.0,64,8,536,517,540,517,540,1.0,1.0,1.0,1.0
607,1.0,64,8,523,559,892,559,892,1.0,1.0,1.0,1.0
608,1.0,64,8,261,261,980,261,980,1.0,1.0,1.0,1.0
609,1.0,64,8,439,603,791,603,791,1.0,1.0,1.0,1.0
610,1.0,64,8,961,930,930,930,930,1.0,1.0,1.0,1.0
611,1.0,64,8,439,439,439,439,439,1.0,1.0,1.0,1.0
612,1.0,64,8,636,636,411,636,411,1.0,1.0,1.0,1.0
613,1.0,64,8,583,583,399,583,399,1.0,1.0,1.0,1.0
614,1.0,64,8,792,792,652,792,652,1.0,1.0,1.0,1.0
615,1.0,64,8,383,383,915,383,915,1.0,1.0,1.0,1.0
616,1.0,64,8,867,867,781,867,781,1.0,1.0,1.0,1.0
617,1.0,64,8,786,424,860,424,860,1.0,1.0,1.0,1.0
618,1.0,64,8,191,191,191,191,191,1.0,1.0,1.0,1.0
619,1.0,64,8,998,998,998,998,998,1.0,1.0,1.0,1.0
620,1.0,64,8,361,361,845,361,845,1.0,1.0,1.0,1.0
621,1.0,64,8,481,881,530,881,530,1.0,1.0,1.0,1.0
622,1.0,64,8,406,406,406,406,406,1.0,1.0,1.0,1.0
623,1.0,64,8,246,246,251,246,251,1.0,1.0,1.0,1.0
624,1.0,64,8,507,56,56,56,56,1.0,1.0,1.0,1.0
625,1.0,64,8,939,943,939,943,939,1.0,1.0,1.0,1.0
626,1.0,64,8,393,393,393,393,393,1.0,1.0,1.0,1.0
627,1.0,64,8,246,246,643,246,643,1.0,1.0,1.0,1.0
628,1.0,64,8,258,258,257,258,257,1.0,1.0,1.0,1.0
629,1.0,64,8,177,241,163,241,163,1.0,1.0,1.0,1.0
630,1.0,64,8,157,157,157,157,157,1.0,1.0,1.0,1.0
631,1.0,64,8,215,215,263,215,263,1.0,1.0,1.0,1.0
632,1.0,64,8,896,896,896,896,896,1.0,1.0,1.0,1.0
633,1.0,64,8,620,681,681,681,681,1.0,1.0,1.0,1.0
634,1.0,64,8,733,733,583,733,583,1.0,1.0,1.0,1.0
635,1.0,64,8,976,976,460,976,460,1.0,1.0,1.0,1.0
636,1.0,64,8,238,238,284,238,284,1.0,1.0,1.0,1.0
637,1.0,64,8,302,300,300,300,300,1.0,1.0,1.0,1.0
638,1.0,64,8,178,178,209,178,209,1.0,1.0,1.0,1.0
639,1.0,64,8,954,954,954,954,954,1.0,1.0,1.0,1.0
640,1.0,64,8,580,580,723,580,723,1.0,1.0,1.0,1.0
641,1.0,64,8,392,397,684,397,684,1.0,1.0,1.0,1.0
642,1.0,64,8,79,79,66,79,66,1.0,1.0,1.0,1.0
643,1.0,64,8,765,765,706,765,706,1.0,1.0,1.0,1.0
644,1.0,64,8,656,656,674,656,674,1.0,1.0,1.0,1.0
645,1.0,64,8,527,527,527,527,527,1.0,1.0,1.0,1.0
646,1.0,64,8,108,108,108,108,108,1.0,1.0,1.0,1.0
647,1.0,64,8,572,647,725,647,725,1.0,1.0,1.0,1.0
648,1.0,64,8,231,230,230,230,230,1.0,1.0,1.0,1.0
649,1.0,64,8,91,91,92,91,92,1.0,1.0,1.0,1.0
650,1.0,64,8,788,788,788,788,788,1.0,1.0,1.0,1.0
651,1.0,64,8,636,636,636,636,636,1.0,1.0,1.0,1.0
652,1.0,64,8,825,825,649,825,649,1.0,1.0,1.0,1.0
653,1.0,64,8,972,972,500,972,500,1.0,1.0,1.0,1.0
654,1.0,64,8,568,568,93,568,93,1.0,1.0,1.0,1.0
655,1.0,64,8,732,759,622,759,622,1.0,1.0,1.0,1.0
656,1.0,64,8,199,199,199,199,199,1.0,1.0,1.0,1.0
657,1.0,64,8,317,317,317,317,317,1.0,1.0,1.0,1.0
658,1.0,64,8,185,184,457,184,457,1.0,1.0,1.0,1.0
659,1.0,64,8,899,532,559,532,559,1.0,1.0,1.0,1.0
660,1.0,64,8,24,24,24,24,24,1.0,1.0,1.0,1.0
661,1.0,64,8,709,709,457,709,457,1.0,1.0,1.0,1.0
662,1.0,64,8,581,581,395,581,395,1.0,1.0,1.0,1.0
663,1.0,64,8,837,836,837,836,837,1.0,1.0,1.0,1.0
664,1.0,64,8,136,136,136,136,136,1.0,1.0,1.0,1.0
665,1.0,64,8,843,843,522,843,522,1.0,1.0,1.0,1.0
666,1.0,64,8,472,472,472,472,472,1.0,1.0,1.0,1.0
667,1.0,64,8,896,896,618,896,618,1.0,1.0,1.0,1.0
668,1.0,64,8,385,385,385,385,385,1.0,1.0,1.0,1.0
669,1.0,64,8,484,484,484,484,484,1.0,1.0,1.0,1.0
670,1.0,64,8,64,59,59,59,59,1.0,1.0,1.0,1.0
671,1.0,64,8,32,32,113,32,113,1.0,1.0,1.0,1.0
672,1.0,64,8,618,618,618,618,618,1.0,1.0,1.0,1.0
673,1.0,64,8,1,111,78,111,78,1.0,1.0,1.0,1.0
674,1.0,64,8,279,279,258,279,258,1.0,1.0,1.0,1.0
675,1.0,64,8,418,563,563,563,563,1.0,1.0,1.0,1.0
676,1.0,64,8,895,895,517,895,517,1.0,1.0,1.0,1.0
677,1.0,64,8,14,14,14,14,14,1.0,1.0,1.0,1.0
678,1.0,64,8,679,679,679,679,679,1.0,1.0,1.0,1.0
679,1.0,64,8,759,447,764,447,764,1.0,1.0,1.0,1.0
680,1.0,64,8,732,759,786,759,786,1.0,1.0,1.0,1.0
681,1.0,64,8,209,209,184,209,184,1.0,1.0,1.0,1.0
682,1.0,64,8,911,911,735,911,735,1.0,1.0,1.0,1.0
683,1.0,64,8,307,307,304,307,304,1.0,1.0,1.0,1.0
684,1.0,64,8,570,570,971,570,971,1.0,1.0,1.0,1.0
685,1.0,64,8,320,319,59,319,59,1.0,1.0,1.0,1.0
686,1.0,64,8,309,309,308,309,308,1.0,1.0,1.0,1.0
687,1.0,64,8,754,688,897,688,897,1.0,1.0,1.0,1.0
688,1.0,64,8,967,967,969,967,969,1.0,1.0,1.0,1.0
689,1.0,64,8,166,166,162,166,162,1.0,1.0,1.0,1.0
690,1.0,64,8,946,946,946,946,946,1.0,1.0,1.0,1.0
691,1.0,64,8,360,103,20,103,20,1.0,1.0,1.0,1.0
692,1.0,64,8,616,119,509,119,509,1.0,1.0,1.0,1.0
693,1.0,64,8,71,71,932,71,932,1.0,1.0,1.0,1.0
694,1.0,64,8,7,8,129,8,129,1.0,1.0,1.0,1.0
695,1.0,64,8,186,186,186,186,186,1.0,1.0,1.0,1.0
696,1.0,64,8,281,285,228,285,228,1.0,1.0,1.0,1.0
697,1.0,64,8,672,672,672,672,672,1.0,1.0,1.0,1.0
698,1.0,64,8,381,365,177,365,177,1.0,1.0,1.0,1.0
699,1.0,64,8,814,814,644,814,644,1.0,1.0,1.0,1.0
700,1.0,64,8,142,142,142,142,142,1.0,1.0,1.0,1.0
701,1.0,64,8,42,41,41,41,41,1.0,1.0,1.0,1.0
702,1.0,64,8,969,969,969,969,969,1.0,1.0,1.0,1.0
703,1.0,64,8,904,904,904,904,904,1.0,1.0,1.0,1.0
704,1.0,64,8,445,445,842,445,842,1.0,1.0,1.0,1.0
705,1.0,64,8,135,135,135,135,135,1.0,1.0,1.0,1.0
706,1.0,64,8,91,91,91,91,91,1.0,1.0,1.0,1.0
707,1.0,64,8,339,339,339,339,339,1.0,1.0,1.0,1.0
708,1.0,64,8,622,759,759,759,759,1.0,1.0,1.0,1.0
709,1.0,64,8,573,573,450,573,450,1.0,1.0,1.0,1.0
710,1.0,64,8,819,819,788,819,788,1.0,1.0,1.0,1.0
711,1.0,64,8,453,453,421,453,421,1.0,1.0,1.0,1.0
712,1.0,64,8,589,589,823,589,823,1.0,1.0,1.0,1.0
713,1.0,64,8,148,148,833,148,833,1.0,1.0,1.0,1.0
714,1.0,64,8,565,565,565,565,565,1.0,1.0,1.0,1.0
715,1.0,64,8,946,946,127,946,127,1.0,1.0,1.0,1.0
716,1.0,64,8,502,774,752,774,752,1.0,1.0,1.0,1.0
717,1.0,64,8,395,395,391,395,391,1.0,1.0,1.0,1.0
718,1.0,64,8,15,15,15,15,15,1.0,1.0,1.0,1.0
719,1.0,64,8,722,722,722,722,722,1.0,1.0,1.0,1.0
720,1.0,64,8,875,875,875,875,875,1.0,1.0,1.0,1.0
721,1.0,64,8,662,662,673,662,673,1.0,1.0,1.0,1.0
722,1.0,64,8,962,959,923,959,923,1.0,1.0,1.0,1.0
723,1.0,64,8,133,133,133,133,133,1.0,1.0,1.0,1.0
724,1.0,64,8,939,939,989,939,989,1.0,1.0,1.0,1.0
725,1.0,64,8,80,80,80,80,80,1.0,1.0,1.0,1.0
726,1.0,64,8,502,502,502,502,502,1.0,1.0,1.0,1.0
727,1.0,64,8,995,995,995,995,995,1.0,1.0,1.0,1.0
728,1.0,64,8,248,250,232,250,232,1.0,1.0,1.0,1.0
729,1.0,64,8,765,765,765,765,765,1.0,1.0,1.0,1.0
730,1.0,64,8,823,823,485,823,485,1.0,1.0,1.0,1.0
731,1.0,64,8,631,631,631,631,631,1.0,1.0,1.0,1.0
732,1.0,64,8,398,398,398,398,398,1.0,1.0,1.0,1.0
733,1.0,64,8,495,495,495,495,495,1.0,1.0,1.0,1.0
734,1.0,64,8,925,925,925,925,925,1.0,1.0,1.0,1.0
735,1.0,64,8,611,611,687,611,687,1.0,1.0,1.0,1.0
736,1.0,64,8,12,12,12,12,12,1.0,1.0,1.0,1.0
737,1.0,64,8,741,698,698,698,698,1.0,1.0,1.0,1.0
738,1.0,64,8,577,577,776,577,776,1.0,1.0,1.0,1.0
739,1.0,64,8,864,479,627,479,627,1.0,1.0,1.0,1.0
740,1.0,64,8,584,679,327,679,327,1.0,1.0,1.0,1.0
741,1.0,64,8,845,769,409,769,409,1.0,1.0,1.0,1.0
742,1.0,64,8,407,407,407,407,407,1.0,1.0,1.0,1.0
743,1.0,64,8,855,855,855,855,855,1.0,1.0,1.0,1.0
744,1.0,64,8,988,988,910,988,910,1.0,1.0,1.0,1.0
745,1.0,64,8,479,479,479,479,479,1.0,1.0,1.0,1.0
746,1.0,64,8,271,269,156,269,156,1.0,1.0,1.0,1.0
747,1.0,64,8,352,353,353,353,353,1.0,1.0,1.0,1.0
748,1.0,64,8,258,258,258,258,258,1.0,1.0,1.0,1.0
749,1.0,64,8,743,743,844,743,844,1.0,1.0,1.0,1.0
750,1.0,64,8,886,886,886,886,886,1.0,1.0,1.0,1.0
751,1.0,64,8,702,702,416,702,416,1.0,1.0,1.0,1.0
752,1.0,64,8,566,566,594,566,594,1.0,1.0,1.0,1.0
753,1.0,64,8,581,581,581,581,581,1.0,1.0,1.0,1.0
754,1.0,64,8,277,277,277,277,277,1.0,1.0,1.0,1.0
755,1.0,64,8,416,416,644,416,644,1.0,1.0,1.0,1.0
756,1.0,64,8,581,581,760,581,760,1.0,1.0,1.0,1.0
757,1.0,64,8,41,41,397,41,397,1.0,1.0,1.0,1.0
758,1.0,64,8,739,739,642,739,642,1.0,1.0,1.0,1.0
759,1.0,64,8,199,199,203,199,203,1.0,1.0,1.0,1.0
760,1.0,64,8,703,603,845,603,845,1.0,1.0,1.0,1.0
761,1.0,64,8,880,880,612,880,612,1.0,1.0,1.0,1.0
762,1.0,64,8,456,456,70,456,70,1.0,1.0,1.0,1.0
763,1.0,64,8,89,89,89,89,89,1.0,1.0,1.0,1.0
764,1.0,64,8,490,490,490,490,490,1.0,1.0,1.0,1.0
765,1.0,64,8,741,917,491,917,491,1.0,1.0,1.0,1.0
766,1.0,64,8,988,988,988,988,988,1.0,1.0,1.0,1.0
767,1.0,64,8,224,223,223,223,223,1.0,1.0,1.0,1.0
768,1.0,64,8,596,596,422,596,422,1.0,1.0,1.0,1.0
769,1.0,64,8,387,387,387,387,387,1.0,1.0,1.0,1.0
770,1.0,64,8,257,207,258,207,258,1.0,1.0,1.0,1.0
771,1.0,64,8,377,378,72,378,72,1.0,1.0,1.0,1.0
772,1.0,64,8,815,475,790,475,790,1.0,1.0,1.0,1.0
773,1.0,64,8,448,448,498,448,498,1.0,1.0,1.0,1.0
774,1.0,64,8,786,797,831,797,831,1.0,1.0,1.0,1.0
775,1.0,64,8,584,584,715,584,715,1.0,1.0,1.0,1.0
776,1.0,64,8,659,910,738,910,738,1.0,1.0,1.0,1.0
777,1.0,64,8,204,252,188,252,188,1.0,1.0,1.0,1.0
778,1.0,64,8,512,600,512,600,512,1.0,1.0,1.0,1.0
779,1.0,64,8,270,270,296,270,296,1.0,1.0,1.0,1.0
780,1.0,64,8,85,85,93,85,93,1.0,1.0,1.0,1.0
781,1.0,64,8,295,295,295,295,295,1.0,1.0,1.0,1.0
782,1.0,64,8,581,581,581,581,581,1.0,1.0,1.0,1.0
783,1.0,64,8,583,583,583,583,583,1.0,1.0,1.0,1.0
784,1.0,64,8,678,579,579,579,579,1.0,1.0,1.0,1.0
785,1.0,64,8,61,61,61,61,61,1.0,1.0,1.0,1.0
786,1.0,64,8,831,831,831,831,831,1.0,1.0,1.0,1.0
787,1.0,64,8,113,113,113,113,113,1.0,1.0,1.0,1.0
788,1.0,64,8,469,948,948,948,948,1.0,1.0,1.0,1.0
789,1.0,64,8,607,607,530,607,530,1.0,1.0,1.0,1.0
790,1.0,64,8,639,639,812,639,812,1.0,1.0,1.0,1.0
791,1.0,64,8,234,234,241,234,241,1.0,1.0,1.0,1.0
792,1.0,64,8,140,140,140,140,140,1.0,1.0,1.0,1.0
793,1.0,64,8,505,505,696,505,696,1.0,1.0,1.0,1.0
794,1.0,64,8,912,912,912,912,912,1.0,1.0,1.0,1.0
795,1.0,64,8,56,56,56,56,56,1.0,1.0,1.0,1.0
796,1.0,64,8,921,916,916,916,916,1.0,1.0,1.0,1.0
797,1.0,64,8,566,566,566,566,566,1.0,1.0,1.0,1.0
798,1.0,64,8,361,361,276,361,276,1.0,1.0,1.0,1.0
799,1.0,64,8,977,977,828,977,828,1.0,1.0,1.0,1.0
800,1.0,64,8,179,179,179,179,179,1.0,1.0,1.0,1.0
801,1.0,64,8,759,759,605,759,605,1.0,1.0,1.0,1.0
802,1.0,64,8,921,581,553,581,553,1.0,1.0,1.0,1.0
803,1.0,64,8,241,241,241,241,241,1.0,1.0,1.0,1.0
804,1.0,64,8,520,520,549,520,549,1.0,1.0,1.0,1.0
805,1.0,64,8,429,429,429,429,429,1.0,1.0,1.0,1.0
806,1.0,64,8,417,417,417,417,417,1.0,1.0,1.0,1.0
807,1.0,64,8,614,614,614,614,614,1.0,1.0,1.0,1.0
808,1.0,64,8,434,501,501,501,501,1.0,1.0,1.0,1.0
809,1.0,64,8,506,506,506,506,506,1.0,1.0,1.0,1.0
810,1.0,64,8,553,760,548,760,548,1.0,1.0,1.0,1.0
811,1.0,64,8,331,331,331,331,331,1.0,1.0,1.0,1.0
812,1.0,64,8,332,332,875,332,875,1.0,1.0,1.0,1.0
813,1.0,64,8,350,350,294,350,294,1.0,1.0,1.0,1.0
814,1.0,64,8,773,773,898,773,898,1.0,1.0,1.0,1.0
815,1.0,64,8,714,539,644,539,644,1.0,1.0,1.0,1.0
816,1.0,64,8,258,258,354,258,354,1.0,1.0,1.0,1.0
817,1.0,64,8,160,160,160,160,160,1.0,1.0,1.0,1.0
818,1.0,64,8,15,15,442,15,442,1.0,1.0,1.0,1.0
819,1.0,64,8,212,212,212,212,212,1.0,1.0,1.0,1.0
820,1.0,64,8,767,767,740,767,740,1.0,1.0,1.0,1.0
821,1.0,64,8,208,208,966,208,966,1.0,1.0,1.0,1.0
822,1.0,64,8,795,795,127,795,127,1.0,1.0,1.0,1.0
823,1.0,64,8,219,219,212,219,212,1.0,1.0,1.0,1.0
824,1.0,64,8,27,27,27,27,27,1.0,1.0,1.0,1.0
825,1.0,64,8,218,218,213,218,213,1.0,1.0,1.0,1.0
826,1.0,64,8,785,414,672,414,672,1.0,1.0,1.0,1.0
827,1.0,64,8,566,566,566,566,566,1.0,1.0,1.0,1.0
828,1.0,64,8,493,894,526,894,526,1.0,1.0,1.0,1.0
829,1.0,64,8,325,325,325,325,325,1.0,1.0,1.0,1.0
830,1.0,64,8,490,490,490,490,490,1.0,1.0,1.0,1.0
831,1.0,64,8,484,484,833,484,833,1.0,1.0,1.0,1.0
832,1.0,64,8,152,152,200,152,200,1.0,1.0,1.0,1.0
833,1.0,64,8,633,769,805,769,805,1.0,1.0,1.0,1.0
834,1.0,64,8,457,457,570,457,570,1.0,1.0,1.0,1.0
835,1.0,64,8,59,456,749,456,749,1.0,1.0,1.0,1.0
836,1.0,64,8,821,821,835,821,835,1.0,1.0,1.0,1.0
837,1.0,64,8,939,939,939,939,939,1.0,1.0,1.0,1.0
838,1.0,64,8,798,769,26,769,26,1.0,1.0,1.0,1.0
839,1.0,64,8,880,880,880,880,880,1.0,1.0,1.0,1.0
840,1.0,64,8,870,870,870,870,870,1.0,1.0,1.0,1.0
841,1.0,64,8,213,218,219,218,219,1.0,1.0,1.0,1.0
842,1.0,64,8,618,828,567,828,567,1.0,1.0,1.0,1.0
843,1.0,64,8,385,385,385,385,385,1.0,1.0,1.0,1.0
844,1.0,64,8,452,735,980,735,980,1.0,1.0,1.0,1.0
845,1.0,64,8,67,67,67,67,67,1.0,1.0,1.0,1.0
846,1.0,64,8,872,872,872,872,872,1.0,1.0,1.0,1.0
847,1.0,64,8,876,435,876,435,876,1.0,1.0,1.0,1.0
848,1.0,64,8,278,278,338,278,338,1.0,1.0,1.0,1.0
849,1.0,64,8,310,310,990,310,990,1.0,1.0,1.0,1.0
850,1.0,64,8,305,305,500,305,500,1.0,1.0,1.0,1.0
851,1.0,64,8,870,870,843,870,843,1.0,1.0,1.0,1.0
852,1.0,64,8,726,726,161,726,161,1.0,1.0,1.0,1.0
853,1.0,64,8,781,781,781,781,781,1.0,1.0,1.0,1.0
854,1.0,64,8,830,830,670,830,670,1.0,1.0,1.0,1.0
855,1.0,64,8,398,398,549,398,549,1.0,1.0,1.0,1.0
856,1.0,64,8,859,931,930,931,930,1.0,1.0,1.0,1.0
857,1.0,64,8,648,648,846,648,846,1.0,1.0,1.0,1.0
858,1.0,64,8,265,265,265,265,265,1.0,1.0,1.0,1.0
859,1.0,64,8,73,77,305,77,305,1.0,1.0,1.0,1.0
860,1.0,64,8,127,127,127,127,127,1.0,1.0,1.0,1.0
861,1.0,64,8,131,131,144,131,144,1.0,1.0,1.0,1.0
862,1.0,64,8,767,767,886,767,886,1.0,1.0,1.0,1.0
863,1.0,64,8,650,819,530,819,530,1.0,1.0,1.0,1.0
864,1.0,64,8,739,739,544,739,544,1.0,1.0,1.0,1.0
865,1.0,64,8,163,167,165,167,165,1.0,1.0,1.0,1.0
866,1.0,64,8,297,297,295,297,295,1.0,1.0,1.0,1.0
867,1.0,64,8,42,42,66,42,66,1.0,1.0,1.0,1.0
868,1.0,64,8,725,725,711,725,711,1.0,1.0,1.0,1.0
869,1.0,64,8,623,777,618,777,618,1.0,1.0,1.0,1.0
870,1.0,64,8,338,338,333,338,333,1.0,1.0,1.0,1.0
871,1.0,64,8,882,882,432,882,432,1.0,1.0,1.0,1.0
872,1.0,64,8,90,90,90,90,90,1.0,1.0,1.0,1.0
873,1.0,64,8,212,219,23,219,23,1.0,1.0,1.0,1.0
874,1.0,64,8,274,274,274,274,274,1.0,1.0,1.0,1.0
875,1.0,64,8,142,139,98,139,98,1.0,1.0,1.0,1.0
876,1.0,64,8,161,161,162,161,162,1.0,1.0,1.0,1.0
877,1.0,64,8,844,844,769,844,769,1.0,1.0,1.0,1.0
878,1.0,64,8,289,289,289,289,289,1.0,1.0,1.0,1.0
879,1.0,64,8,454,624,624,624,624,1.0,1.0,1.0,1.0
880,1.0,64,8,676,676,276,676,276,1.0,1.0,1.0,1.0
881,1.0,64,8,820,820,820,820,820,1.0,1.0,1.0,1.0
882,1.0,64,8,81,81,89,81,89,1.0,1.0,1.0,1.0
883,1.0,64,8,186,186,185,186,185,1.0,1.0,1.0,1.0
884,1.0,64,8,597,465,560,465,560,1.0,1.0,1.0,1.0
885,1.0,64,8,38,38,288,38,288,1.0,1.0,1.0,1.0
886,1.0,64,8,276,276,276,276,276,1.0,1.0,1.0,1.0
887,1.0,64,8,290,290,290,290,290,1.0,1.0,1.0,1.0
888,1.0,64,8,953,953,953,953,953,1.0,1.0,1.0,1.0
889,1.0,64,8,842,842,842,842,842,1.0,1.0,1.0,1.0
890,1.0,64,8,621,522,522,522,522,1.0,1.0,1.0,1.0
891,1.0,64,8,786,786,822,786,822,1.0,1.0,1.0,1.0
892,1.0,64,8,973,973,973,973,973,1.0,1.0,1.0,1.0
893,1.0,64,8,506,506,607,506,607,1.0,1.0,1.0,1.0
894,1.0,64,8,744,657,478,657,478,1.0,1.0,1.0,1.0
895,1.0,64,8,622,622,673,622,673,1.0,1.0,1.0,1.0
896,1.0,64,8,947,997,997,997,997,1.0,1.0,1.0,1.0
897,1.0,64,8,390,390,33,390,33,1.0,1.0,1.0,1.0
898,1.0,64,8,325,325,325,325,325,1.0,1.0,1.0,1.0
899,1.0,64,8,268,268,246,268,246,1.0,1.0,1.0,1.0
900,1.0,64,8,795,537,537,537,537,1.0,1.0,1.0,1.0
901,1.0,64,8,841,972,447,972,447,1.0,1.0,1.0,1.0
902,1.0,64,8,727,727,842,727,842,1.0,1.0,1.0,1.0
903,1.0,64,8,612,612,802,612,802,1.0,1.0,1.0,1.0
904,1.0,64,8,558,652,391,652,391,1.0,1.0,1.0,1.0
905,1.0,64,8,153,153,203,153,203,1.0,1.0,1.0,1.0
906,1.0,64,8,898,898,898,898,898,1.0,1.0,1.0,1.0
907,1.0,64,8,737,737,455,737,455,1.0,1.0,1.0,1.0
908,1.0,64,8,402,402,402,402,402,1.0,1.0,1.0,1.0
909,1.0,64,8,34,34,34,34,34,1.0,1.0,1.0,1.0
910,1.0,64,8,937,937,937,937,937,1.0,1.0,1.0,1.0
911,1.0,64,8,887,887,887,887,887,1.0,1.0,1.0,1.0
912,1.0,64,8,724,724,442,724,442,1.0,1.0,1.0,1.0
913,1.0,64,8,16,16,315,16,315,1.0,1.0,1.0,1.0
914,1.0,64,8,123,123,328,123,328,1.0,1.0,1.0,1.0
915,1.0,64,8,287,287,303,287,303,1.0,1.0,1.0,1.0
916,1.0,64,8,620,527,681,527,681,1.0,1.0,1.0,1.0
917,1.0,64,8,575,575,575,575,575,1.0,1.0,1.0,1.0
918,1.0,64,8,223,223,223,223,223,1.0,1.0,1.0,1.0
919,1.0,64,8,155,155,155,155,155,1.0,1.0,1.0,1.0
920,1.0,64,8,653,653,427,653,427,1.0,1.0,1.0,1.0
921,1.0,64,8,247,218,215,218,215,1.0,1.0,1.0,1.0
922,1.0,64,8,632,848,605,848,605,1.0,1.0,1.0,1.0
923,1.0,64,8,568,568,296,568,296,1.0,1.0,1.0,1.0
924,1.0,64,8,921,917,830,917,830,1.0,1.0,1.0,1.0
925,1.0,64,8,317,317,317,317,317,1.0,1.0,1.0,1.0
926,1.0,64,8,396,396,815,396,815,1.0,1.0,1.0,1.0
927,1.0,64,8,307,307,307,307,307,1.0,1.0,1.0,1.0
928,1.0,64,8,179,179,179,179,179,1.0,1.0,1.0,1.0
929,1.0,64,8,566,566,566,566,566,1.0,1.0,1.0,1.0
930,1.0,64,8,44,44,44,44,44,1.0,1.0,1.0,1.0
931,1.0,64,8,393,393,393,393,393,1.0,1.0,1.0,1.0
932,1.0,64,8,408,652,586,652,586,1.0,1.0,1.0,1.0
933,1.0,64,8,163,163,918,163,918,1.0,1.0,1.0,1.0
934,1.0,64,8,636,636,414,636,414,1.0,1.0,1.0,1.0
935,1.0,64,8,236,236,168,236,168,1.0,1.0,1.0,1.0
936,1.0,64,8,993,993,112,993,112,1.0,1.0,1.0,1.0
937,1.0,64,8,676,676,518,676,518,1.0,1.0,1.0,1.0
938,1.0,64,8,218,218,156,218,156,1.0,1.0,1.0,1.0
939,1.0,64,8,393,393,393,393,393,1.0,1.0,1.0,1.0
940,1.0,64,8,516,195,797,195,797,1.0,1.0,1.0,1.0
941,1.0,64,8,132,132,132,132,132,1.0,1.0,1.0,1.0
942,1.0,64,8,796,796,796,796,796,1.0,1.0,1.0,1.0
943,1.0,64,8,238,238,234,238,234,1.0,1.0,1.0,1.0
944,1.0,64,8,301,949,949,949,949,1.0,1.0,1.0,1.0
945,1.0,64,8,442,557,557,557,557,1.0,1.0,1.0,1.0
946,1.0,64,8,799,454,799,454,799,1.0,1.0,1.0,1.0
947,1.0,64,8,987,987,958,987,958,1.0,1.0,1.0,1.0
948,1.0,64,8,723,723,723,723,723,1.0,1.0,1.0,1.0
949,1.0,64,8,750,797,431,797,431,1.0,1.0,1.0,1.0
950,1.0,64,8,202,202,185,202,185,1.0,1.0,1.0,1.0
951,1.0,64,8,276,276,372,276,372,1.0,1.0,1.0,1.0
952,1.0,64,8,164,164,137,164,137,1.0,1.0,1.0,1.0
953,1.0,64,8,515,515,419,515,419,1.0,1.0,1.0,1.0
954,1.0,64,8,234,234,236,234,236,1.0,1.0,1.0,1.0
955,1.0,64,8,263,263,263,263,263,1.0,1.0,1.0,1.0
956,1.0,64,8,149,149,5,149,5,1.0,1.0,1.0,1.0
957,1.0,64,8,334,334,334,334,334,1.0,1.0,1.0,1.0
958,1.0,64,8,90,90,90,90,90,1.0,1.0,1.0,1.0
959,1.0,64,8,730,730,353,730,353,1.0,1.0,1.0,1.0
960,1.0,64,8,72,72,72,72,72,1.0,1.0,1.0,1.0
961,1.0,64,8,540,540,540,540,540,1.0,1.0,1.0,1.0
962,1.0,64,8,433,433,312,433,312,1.0,1.0,1.0,1.0
963,1.0,64,8,409,409,409,409,409,1.0,1.0,1.0,1.0
964,1.0,64,8,485,485,754,485,754,1.0,1.0,1.0,1.0
965,1.0,64,8,51,36,878,36,878,1.0,1.0,1.0,1.0
966,1.0,64,8,291,291,291,291,291,1.0,1.0,1.0,1.0
967,1.0,64,8,837,652,636,652,636,1.0,1.0,1.0,1.0
968,1.0,64,8,73,76,76,76,76,1.0,1.0,1.0,1.0
969,1.0,64,8,43,43,616,43,616,1.0,1.0,1.0,1.0
970,1.0,64,8,762,532,896,532,896,1.0,1.0,1.0,1.0
971,1.0,64,8,315,315,315,315,315,1.0,1.0,1.0,1.0
972,1.0,64,8,618,971,96,971,96,1.0,1.0,1.0,1.0
973,1.0,64,8,546,776,546,776,546,1.0,1.0,1.0,1.0
974,1.0,64,8,439,439,513,439,513,1.0,1.0,1.0,1.0
975,1.0,64,8,773,855,793,855,793,1.0,1.0,1.0,1.0
976,1.0,64,8,501,406,857,406,857,1.0,1.0,1.0,1.0
977,1.0,64,8,710,855,530,855,530,1.0,1.0,1.0,1.0
978,1.0,64,8,521,521,485,521,485,1.0,1.0,1.0,1.0
979,1.0,64,8,593,593,593,593,593,1.0,1.0,1.0,1.0
980,1.0,64,8,294,294,210,294,210,1.0,1.0,1.0,1.0
981,1.0,64,8,928,960,419,960,419,1.0,1.0,1.0,1.0
982,1.0,64,8,920,920,682,920,682,1.0,1.0,1.0,1.0
983,1.0,64,8,153,153,222,153,222,1.0,1.0,1.0,1.0
984,1.0,64,8,197,197,197,197,197,1.0,1.0,1.0,1.0
985,1.0,64,8,871,871,908,871,908,1.0,1.0,1.0,1.0
986,1.0,64,8,989,989,989,989,989,1.0,1.0,1.0,1.0
987,1.0,64,8,592,592,592,592,592,1.0,1.0,1.0,1.0
988,1.0,64,8,184,184,185,184,185,1.0,1.0,1.0,1.0
989,1.0,64,8,286,286,225,286,225,1.0,1.0,1.0,1.0
990,1.0,64,8,237,180,140,180,140,1.0,1.0,1.0,1.0
991,1.0,64,8,817,751,479,751,479,1.0,1.0,1.0,1.0
992,1.0,64,8,187,201,201,201,201,1.0,1.0,1.0,1.0
993,1.0,64,8,376,376,376,376,376,1.0,1.0,1.0,1.0
994,1.0,64,8,731,731,731,731,731,1.0,1.0,1.0,1.0
995,1.0,64,8,724,839,755,839,755,1.0,1.0,1.0,1.0
996,1.0,64,8,415,424,781,424,781,1.0,1.0,1.0,1.0
997,1.0,64,8,898,898,645,898,645,1.0,1.0,1.0,1.0
998,1.0,64,8,118,118,118,118,118,1.0,1.0,1.0,1.0
999,1.0,64,8,630,806,514,806,514,1.0,1.0,1.0,1.0
1000,1.0,64,8,447,447,447,447,447,1.0,1.0,1.0,1.0
1001,1.0,64,8,794,794,794,794,794,1.0,1.0,1.0,1.0
1002,1.0,64,8,684,684,684,684,684,1.0,1.0,1.0,1.0
1003,1.0,64,8,980,980,970,980,970,1.0,1.0,1.0,1.0
1004,1.0,64,8,976,976,2,976,2,1.0,1.0,1.0,1.0
1005,1.0,64,8,898,898,898,898,898,1.0,1.0,1.0,1.0
1006,1.0,64,8,607,607,607,607,607,1.0,1.0,1.0,1.0
1007,1.0,64,8,645,645,645,645,645,1.0,1.0,1.0,1.0
1008,1.0,64,8,479,479,897,479,897,1.0,1.0,1.0,1.0
1009,1.0,64,8,190,190,190,190,190,1.0,1.0,1.0,1.0
1010,1.0,64,8,248,248,251,248,251,1.0,1.0,1.0,1.0
1011,1.0,64,8,211,211,209,211,209,1.0,1.0,1.0,1.0
1012,1.0,64,8,917,907,409,907,409,1.0,1.0,1.0,1.0
1013,1.0,64,8,644,644,644,644,644,1.0,1.0,1.0,1.0
1014,1.0,64,8,289,289,292,289,292,1.0,1.0,1.0,1.0
1015,1.0,64,8,19,19,19,19,19,1.0,1.0,1.0,1.0
1016,1.0,64,8,667,667,834,667,834,1.0,1.0,1.0,1.0
1017,1.0,64,8,277,277,277,277,277,1.0,1.0,1.0,1.0
1018,1.0,64,8,99,94,99,94,99,1.0,1.0,1.0,1.0
1019,1.0,64,8,790,790,806,790,806,1.0,1.0,1.0,1.0
1020,1.0,64,8,501,501,84,501,84,1.0,1.0,1.0,1.0
1021,1.0,64,8,931,931,932,931,932,1.0,1.0,1.0,1.0
1022,1.0,64,8,827,827,760,827,760,1.0,1.0,1.0,1.0
1023,1.0,64,8,268,268,173,268,173,1.0,1.0,1.0,1.0
1024,1.0,64,8,713,713,713,713,713,1.0,1.0,1.0,1.0
1025,1.0,64,8,310,310,71,310,71,1.0,1.0,1.0,1.0
1026,1.0,64,8,125,125,119,125,119,1.0,1.0,1.0,1.0
1027,1.0,64,8,115,973,973,973,973,1.0,1.0,1.0,1.0
1028,1.0,64,8,151,151,207,151,207,1.0,1.0,1.0,1.0
1029,1.0,64,8,637,637,440,637,440,1.0,1.0,1.0,1.0
1030,1.0,64,8,669,669,669,669,669,1.0,1.0,1.0,1.0
1031,1.0,64,8,896,896,896,896,896,1.0,1.0,1.0,1.0
1032,1.0,64,8,489,489,489,489,489,1.0,1.0,1.0,1.0
1033,1.0,64,8,969,969,883,969,883,1.0,1.0,1.0,1.0
1034,1.0,64,8,992,992,992,992,992,1.0,1.0,1.0,1.0
1035,1.0,64,8,278,277,336,277,336,1.0,1.0,1.0,1.0
1036,1.0,64,8,518,518,518,518,518,1.0,1.0,1.0,1.0
1037,1.0,64,8,295,295,295,295,295,1.0,1.0,1.0,1.0
1038,1.0,64,8,718,536,908,536,908,1.0,1.0,1.0,1.0
1039,1.0,64,8,13,13,23,13,23,1.0,1.0,1.0,1.0
1040,1.0,64,8,28,28,171,28,171,1.0,1.0,1.0,1.0
1041,1.0,64,8,452,452,629,452,629,1.0,1.0,1.0,1.0
1042,1.0,64,8,801,801,801,801,801,1.0,1.0,1.0,1.0
1043,1.0,64,8,597,597,597,597,597,1.0,1.0,1.0,1.0
1044,1.0,64,8,568,568,513,568,513,1.0,1.0,1.0,1.0
1045,1.0,64,8,586,586,586,586,586,1.0,1.0,1.0,1.0
1046,1.0,64,8,237,151,237,151,237,1.0,1.0,1.0,1.0
1047,1.0,64,8,843,733,645,733,645,1.0,1.0,1.0,1.0
1048,1.0,64,8,528,528,528,528,528,1.0,1.0,1.0,1.0
1049,1.0,64,8,399,399,399,399,399,1.0,1.0,1.0,1.0
1050,1.0,64,8,484,484,900,484,900,1.0,1.0,1.0,1.0
1051,1.0,64,8,396,396,103,396,103,1.0,1.0,1.0,1.0
1052,1.0,64,8,278,278,335,278,335,1.0,1.0,1.0,1.0
1053,1.0,64,8,827,827,862,827,862,1.0,1.0,1.0,1.0
1054,1.0,64,8,892,892,528,892,528,1.0,1.0,1.0,1.0
1055,1.0,64,8,960,960,616,960,616,1.0,1.0,1.0,1.0
1056,1.0,64,8,603,603,603,603,603,1.0,1.0,1.0,1.0
1057,1.0,64,8,118,119,122,119,122,1.0,1.0,1.0,1.0
1058,1.0,64,8,315,313,315,313,315,1.0,1.0,1.0,1.0
1059,1.0,64,8,117,117,112,117,112,1.0,1.0,1.0,1.0
1060,1.0,64,8,931,578,601,578,601,1.0,1.0,1.0,1.0
1061,1.0,64,8,838,631,551,631,551,1.0,1.0,1.0,1.0
1062,1.0,64,8,30,32,116,32,116,1.0,1.0,1.0,1.0
1063,1.0,64,8,174,174,174,174,174,1.0,1.0,1.0,1.0
1064,1.0,64,8,592,592,592,592,592,1.0,1.0,1.0,1.0
1065,1.0,64,8,441,441,711,441,711,1.0,1.0,1.0,1.0
1066,1.0,64,8,320,320,320,320,320,1.0,1.0,1.0,1.0
1067,1.0,64,8,884,884,884,884,884,1.0,1.0,1.0,1.0
1068,1.0,64,8,282,292,292,292,292,1.0,1.0,1.0,1.0
1069,1.0,64,8,981,981,981,981,981,1.0,1.0,1.0,1.0
1070,1.0,64,8,787,787,787,787,787,1.0,1.0,1.0,1.0
1071,1.0,64,8,834,834,980,834,980,1.0,1.0,1.0,1.0
1072,1.0,64,8,189,189,189,189,189,1.0,1.0,1.0,1.0
1073,1.0,64,8,568,568,203,568,203,1.0,1.0,1.0,1.0
1074,1.0,64,8,507,507,507,507,507,1.0,1.0,1.0,1.0
1075,1.0,64,8,523,523,523,523,523,1.0,1.0,1.0,1.0
1076,1.0,64,8,692,999,916,999,916,1.0,1.0,1.0,1.0
1077,1.0,64,8,242,159,180,159,180,1.0,1.0,1.0,1.0
1078,1.0,64,8,278,277,853,277,853,1.0,1.0,1.0,1.0
1079,1.0,64,8,572,441,875,441,875,1.0,1.0,1.0,1.0
1080,1.0,64,8,797,806,806,806,806,1.0,1.0,1.0,1.0
1081,1.0,64,8,558,558,558,558,558,1.0,1.0,1.0,1.0
1082,1.0,64,8,287,269,269,269,269,1.0,1.0,1.0,1.0
1083,1.0,64,8,895,895,34,895,34,1.0,1.0,1.0,1.0
1084,1.0,64,8,781,781,781,781,781,1.0,1.0,1.0,1.0
1085,1.0,64,8,687,687,687,687,687,1.0,1.0,1.0,1.0
1086,1.0,64,8,484,484,484,484,484,1.0,1.0,1.0,1.0
1087,1.0,64,8,152,152,152,152,152,1.0,1.0,1.0,1.0
1088,1.0,64,8,180,180,257,180,257,1.0,1.0,1.0,1.0
1089,1.0,64,8,203,203,797,203,797,1.0,1.0,1.0,1.0
1090,1.0,64,8,415,415,415,415,415,1.0,1.0,1.0,1.0
1091,1.0,64,8,141,141,141,141,141,1.0,1.0,1.0,1.0
1092,1.0,64,8,618,918,486,918,486,1.0,1.0,1.0,1.0
1093,1.0,64,8,936,936,938,936,938,1.0,1.0,1.0,1.0
1094,1.0,64,8,716,716,716,716,716,1.0,1.0,1.0,1.0
1095,1.0,64,8,953,945,59,945,59,1.0,1.0,1.0,1.0
1096,1.0,64,8,299,299,299,299,299,1.0,1.0,1.0,1.0
1097,1.0,64,8,77,77,988,77,988,1.0,1.0,1.0,1.0
1098,1.0,64,8,264,264,151,264,151,1.0,1.0,1.0,1.0
1099,1.0,64,8,123,123,825,123,825,1.0,1.0,1.0,1.0
1100,1.0,64,8,482,848,485,848,485,1.0,1.0,1.0,1.0
1101,1.0,64,8,975,460,825,460,825,1.0,1.0,1.0,1.0
1102,1.0,64,8,487,487,583,487,583,1.0,1.0,1.0,1.0
1103,1.0,64,8,450,450,802,450,802,1.0,1.0,1.0,1.0
1104,1.0,64,8,853,853,228,853,228,1.0,1.0,1.0,1.0
1105,1.0,64,8,119,118,544,118,544,1.0,1.0,1.0,1.0
1106,1.0,64,8,443,443,529,443,529,1.0,1.0,1.0,1.0
1107,1.0,64,8,877,877,495,877,495,1.0,1.0,1.0,1.0
1108,1.0,64,8,609,609,609,609,609,1.0,1.0,1.0,1.0
1109,1.0,64,8,529,529,842,529,842,1.0,1.0,1.0,1.0
1110,1.0,64,8,522,522,981,522,981,1.0,1.0,1.0,1.0
1111,1.0,64,8,557,557,557,557,557,1.0,1.0,1.0,1.0
1112,1.0,64,8,724,724,724,724,724,1.0,1.0,1.0,1.0
1113,1.0,64,8,956,956,59,956,59,1.0,1.0,1.0,1.0
1114,1.0,64,8,564,564,564,564,564,1.0,1.0,1.0,1.0
1115,1.0,64,8,908,404,404,404,404,1.0,1.0,1.0,1.0
1116,1.0,64,8,567,747,478,747,478,1.0,1.0,1.0,1.0
1117,1.0,64,8,577,577,101,577,101,1.0,1.0,1.0,1.0
1118,1.0,64,8,117,117,117,117,117,1.0,1.0,1.0,1.0
1119,1.0,64,8,306,306,113,306,113,1.0,1.0,1.0,1.0
1120,1.0,64,8,114,947,947,947,947,1.0,1.0,1.0,1.0
1121,1.0,64,8,125,125,120,125,120,1.0,1.0,1.0,1.0
1122,1.0,64,8,251,251,251,251,251,1.0,1.0,1.0,1.0
1123,1.0,64,8,286,286,281,286,281,1.0,1.0,1.0,1.0
1124,1.0,64,8,32,125,245,125,245,1.0,1.0,1.0,1.0
1125,1.0,64,8,788,579,797,579,797,1.0,1.0,1.0,1.0
1126,1.0,64,8,836,801,391,801,391,1.0,1.0,1.0,1.0
1127,1.0,64,8,410,410,410,410,410,1.0,1.0,1.0,1.0
1128,1.0,64,8,206,206,208,206,208,1.0,1.0,1.0,1.0
1129,1.0,64,8,825,825,825,825,825,1.0,1.0,1.0,1.0
1130,1.0,64,8,931,931,964,931,964,1.0,1.0,1.0,1.0
1131,1.0,64,8,777,777,549,777,549,1.0,1.0,1.0,1.0
1132,1.0,64,8,307,307,114,307,114,1.0,1.0,1.0,1.0
1133,1.0,64,8,767,558,644,558,644,1.0,1.0,1.0,1.0
1134,1.0,64,8,33,34,87,34,87,1.0,1.0,1.0,1.0
1135,1.0,64,8,660,580,879,580,879,1.0,1.0,1.0,1.0
1136,1.0,64,8,460,460,833,460,833,1.0,1.0,1.0,1.0
1137,1.0,64,8,96,96,96,96,96,1.0,1.0,1.0,1.0
1138,1.0,64,8,114,71,71,71,71,1.0,1.0,1.0,1.0
1139,1.0,64,8,258,258,258,258,258,1.0,1.0,1.0,1.0
1140,1.0,64,8,42,42,65,42,65,1.0,1.0,1.0,1.0
1141,1.0,64,8,89,89,616,89,616,1.0,1.0,1.0,1.0
1142,1.0,64,8,620,620,769,620,769,1.0,1.0,1.0,1.0
1143,1.0,64,8,602,602,797,602,797,1.0,1.0,1.0,1.0
1144,1.0,64,8,186,186,186,186,186,1.0,1.0,1.0,1.0
1145,1.0,64,8,671,671,671,671,671,1.0,1.0,1.0,1.0
1146,1.0,64,8,753,249,249,249,249,1.0,1.0,1.0,1.0
1147,1.0,64,8,262,262,262,262,262,1.0,1.0,1.0,1.0
1148,1.0,64,8,826,685,441,685,441,1.0,1.0,1.0,1.0
1149,1.0,64,8,713,713,713,713,713,1.0,1.0,1.0,1.0
1150,1.0,64,8,295,295,121,295,121,1.0,1.0,1.0,1.0
1151,1.0,64,8,455,455,455,455,455,1.0,1.0,1.0,1.0
1152,1.0,64,8,808,515,499,515,499,1.0,1.0,1.0,1.0
1153,1.0,64,8,456,840,644,840,644,1.0,1.0,1.0,1.0
1154,1.0,64,8,200,200,138,200,138,1.0,1.0,1.0,1.0
1155,1.0,64,8,904,539,539,539,539,1.0,1.0,1.0,1.0
1156,1.0,64,8,722,722,620,722,620,1.0,1.0,1.0,1.0
1157,1.0,64,8,668,668,682,668,682,1.0,1.0,1.0,1.0
1158,1.0,64,8,714,826,531,826,531,1.0,1.0,1.0,1.0
1159,1.0,64,8,466,466,466,466,466,1.0,1.0,1.0,1.0
1160,1.0,64,8,687,687,687,687,687,1.0,1.0,1.0,1.0
1161,1.0,64,8,29,29,794,29,794,1.0,1.0,1.0,1.0
1162,1.0,64,8,884,884,555,884,555,1.0,1.0,1.0,1.0
1163,1.0,64,8,732,732,662,732,662,1.0,1.0,1.0,1.0
1164,1.0,64,8,914,914,914,914,914,1.0,1.0,1.0,1.0
1165,1.0,64,8,468,468,468,468,468,1.0,1.0,1.0,1.0
1166,1.0,64,8,559,559,559,559,559,1.0,1.0,1.0,1.0
1167,1.0,64,8,833,833,408,833,408,1.0,1.0,1.0,1.0
1168,1.0,64,8,640,640,640,640,640,1.0,1.0,1.0,1.0
1169,1.0,64,8,885,831,863,831,863,1.0,1.0,1.0,1.0
1170,1.0,64,8,577,577,577,577,577,1.0,1.0,1.0,1.0
1171,1.0,64,8,441,441,441,441,441,1.0,1.0,1.0,1.0
1172,1.0,64,8,589,736,641,736,641,1.0,1.0,1.0,1.0
1173,1.0,64,8,582,582,791,582,791,1.0,1.0,1.0,1.0
1174,1.0,64,8,446,446,549,446,549,1.0,1.0,1.0,1.0
1175,1.0,64,8,802,802,802,802,802,1.0,1.0,1.0,1.0
1176,1.0,64,8,201,201,903,201,903,1.0,1.0,1.0,1.0
1177,1.0,64,8,83,83,85,83,85,1.0,1.0,1.0,1.0
1178,1.0,64,8,936,936,936,936,936,1.0,1.0,1.0,1.0
1179,1.0,64,8,364,364,365,364,365,1.0,1.0,1.0,1.0
1180,1.0,64,8,119,119,316,119,316,1.0,1.0,1.0,1.0
1181,1.0,64,8,196,196,196,196,196,1.0,1.0,1.0,1.0
1182,1.0,64,8,214,214,214,214,214,1.0,1.0,1.0,1.0
1183,1.0,64,8,477,477,477,477,477,1.0,1.0,1.0,1.0
1184,1.0,64,8,494,494,459,494,459,1.0,1.0,1.0,1.0
1185,1.0,64,8,853,762,853,762,853,1.0,1.0,1.0,1.0
1186,1.0,64,8,659,495,618,495,618,1.0,1.0,1.0,1.0
1187,1.0,64,8,477,477,565,477,565,1.0,1.0,1.0,1.0
1188,1.0,64,8,93,93,144,93,144,1.0,1.0,1.0,1.0
1189,1.0,64,8,446,446,111,446,111,1.0,1.0,1.0,1.0
1190,1.0,64,8,53,53,52,53,52,1.0,1.0,1.0,1.0
1191,1.0,64,8,330,330,330,330,330,1.0,1.0,1.0,1.0
1192,1.0,64,8,979,979,979,979,979,1.0,1.0,1.0,1.0
1193,1.0,64,8,854,854,966,854,966,1.0,1.0,1.0,1.0
1194,1.0,64,8,891,891,891,891,891,1.0,1.0,1.0,1.0
1195,1.0,64,8,475,475,732,475,732,1.0,1.0,1.0,1.0
1196,1.0,64,8,106,850,793,850,793,1.0,1.0,1.0,1.0
1197,1.0,64,8,811,771,785,771,785,1.0,1.0,1.0,1.0
1198,1.0,64,8,764,802,537,802,537,1.0,1.0,1.0,1.0
1199,1.0,64,8,822,822,163,822,163,1.0,1.0,1.0,1.0
1200,1.0,64,8,466,466,668,466,668,1.0,1.0,1.0,1.0
1201,1.0,64,8,290,288,288,288,288,1.0,1.0,1.0,1.0
1202,1.0,64,8,648,648,720,648,720,1.0,1.0,1.0,1.0
1203,1.0,64,8,786,786,674,786,674,1.0,1.0,1.0,1.0
1204,1.0,64,8,807,807,517,807,517,1.0,1.0,1.0,1.0
1205,1.0,64,8,186,192,202,192,202,1.0,1.0,1.0,1.0
1206,1.0,64,8,480,480,480,480,480,1.0,1.0,1.0,1.0
1207,1.0,64,8,386,101,937,101,937,1.0,1.0,1.0,1.0
1208,1.0,64,8,902,902,543,902,543,1.0,1.0,1.0,1.0
1209,1.0,64,8,247,231,155,231,155,1.0,1.0,1.0,1.0
1210,1.0,64,8,222,257,257,257,257,1.0,1.0,1.0,1.0
1211,1.0,64,8,317,317,317,317,317,1.0,1.0,1.0,1.0
1212,1.0,64,8,828,969,969,969,969,1.0,1.0,1.0,1.0
1213,1.0,64,8,277,277,277,277,277,1.0,1.0,1.0,1.0
1214,1.0,64,8,943,943,943,943,943,1.0,1.0,1.0,1.0
1215,1.0,64,8,227,180,195,180,195,1.0,1.0,1.0,1.0
1216,1.0,64,8,259,259,270,259,270,1.0,1.0,1.0,1.0
1217,1.0,64,8,222,222,222,222,222,1.0,1.0,1.0,1.0
1218,1.0,64,8,956,956,956,956,956,1.0,1.0,1.0,1.0
1219,1.0,64,8,585,838,662,838,662,1.0,1.0,1.0,1.0
1220,1.0,64,8,430,430,430,430,430,1.0,1.0,1.0,1.0
1221,1.0,64,8,815,815,815,815,815,1.0,1.0,1.0,1.0
1222,1.0,64,8,791,791,791,791,791,1.0,1.0,1.0,1.0
1223,1.0,64,8,372,370,370,370,370,1.0,1.0,1.0,1.0
1224,1.0,64,8,638,638,639,638,639,1.0,1.0,1.0,1.0
1225,1.0,64,8,394,4,107,4,107,1.0,1.0,1.0,1.0
1226,1.0,64,8,939,939,939,939,939,1.0,1.0,1.0,1.0
1227,1.0,64,8,775,775,982,775,982,1.0,1.0,1.0,1.0
1228,1.0,64,8,66,68,67,68,67,1.0,1.0,1.0,1.0
1229,1.0,64,8,131,131,129,131,129,1.0,1.0,1.0,1.0
1230,1.0,64,8,536,536,517,536,517,1.0,1.0,1.0,1.0
1231,1.0,64,8,0,0,0,0,0,1.0,1.0,1.0,1.0
1232,1.0,64,8,255,255,255,255,255,1.0,1.0,1.0,1.0
1233,1.0,64,8,339,339,213,339,213,1.0,1.0,1.0,1.0
1234,1.0,64,8,994,994,89,994,89,1.0,1.0,1.0,1.0
1235,1.0,64,8,998,998,987,998,987,1.0,1.0,1.0,1.0
1236,1.0,64,8,594,594,887,594,887,1.0,1.0,1.0,1.0
1237,1.0,64,8,683,432,432,432,432,1.0,1.0,1.0,1.0
1238,1.0,64,8,278,278,275,278,275,1.0,1.0,1.0,1.0
1239,1.0,64,8,699,699,699,699,699,1.0,1.0,1.0,1.0
1240,1.0,64,8,120,119,314,119,314,1.0,1.0,1.0,1.0
1241,1.0,64,8,720,720,908,720,908,1.0,1.0,1.0,1.0
1242,1.0,64,8,103,5,574,5,574,1.0,1.0,1.0,1.0
1243,1.0,64,8,637,637,629,637,629,1.0,1.0,1.0,1.0
1244,1.0,64,8,64,738,955,738,955,1.0,1.0,1.0,1.0
1245,1.0,64,8,56,56,56,56,56,1.0,1.0,1.0,1.0
1246,1.0,64,8,648,648,631,648,631,1.0,1.0,1.0,1.0
1247,1.0,64,8,300,300,300,300,300,1.0,1.0,1.0,1.0
1248,1.0,64,8,317,317,317,317,317,1.0,1.0,1.0,1.0
1249,1.0,64,8,899,898,441,898,441,1.0,1.0,1.0,1.0
1250,1.0,64,8,819,819,819,819,819,1.0,1.0,1.0,1.0
1251,1.0,64,8,463,355,355,355,355,1.0,1.0,1.0,1.0
1252,1.0,64,8,560,981,723,981,723,1.0,1.0,1.0,1.0
1253,1.0,64,8,325,325,954,325,954,1.0,1.0,1.0,1.0
1254,1.0,64,8,347,347,293,347,293,1.0,1.0,1.0,1.0
1255,1.0,64,8,965,965,965,965,965,1.0,1.0,1.0,1.0
1256,1.0,64,8,747,747,747,747,747,1.0,1.0,1.0,1.0
1257,1.0,64,8,656,436,654,436,654,1.0,1.0,1.0,1.0
1258,1.0,64,8,359,359,457,359,457,1.0,1.0,1.0,1.0
1259,1.0,64,8,890,890,890,890,890,1.0,1.0,1.0,1.0
1260,1.0,64,8,95,95,952,95,952,1.0,1.0,1.0,1.0
1261,1.0,64,8,538,538,884,538,884,1.0,1.0,1.0,1.0
1262,1.0,64,8,629,629,629,629,629,1.0,1.0,1.0,1.0
1263,1.0,64,8,898,838,163,838,163,1.0,1.0,1.0,1.0
1264,1.0,64,8,639,638,638,638,638,1.0,1.0,1.0,1.0
1265,1.0,64,8,617,617,617,617,617,1.0,1.0,1.0,1.0
1266,1.0,64,8,174,174,174,174,174,1.0,1.0,1.0,1.0
1267,1.0,64,8,702,602,602,602,602,1.0,1.0,1.0,1.0
1268,1.0,64,8,241,241,176,241,176,1.0,1.0,1.0,1.0
1269,1.0,64,8,497,497,442,497,442,1.0,1.0,1.0,1.0
1270,1.0,64,8,432,432,486,432,486,1.0,1.0,1.0,1.0
1271,1.0,64,8,785,785,836,785,836,1.0,1.0,1.0,1.0
1272,1.0,64,8,755,755,318,755,318,1.0,1.0,1.0,1.0
1273,1.0,64,8,15,15,15,15,15,1.0,1.0,1.0,1.0
1274,1.0,64,8,485,487,681,487,681,1.0,1.0,1.0,1.0
1275,1.0,64,8,760,886,651,886,651,1.0,1.0,1.0,1.0
1276,1.0,64,8,452,452,796,452,796,1.0,1.0,1.0,1.0
1277,1.0,64,8,968,509,79,509,79,1.0,1.0,1.0,1.0
1278,1.0,64,8,769,769,769,769,769,1.0,1.0,1.0,1.0
1279,1.0,64,8,551,551,711,551,711,1.0,1.0,1.0,1.0
1280,1.0,64,8,438,438,898,438,898,1.0,1.0,1.0,1.0
1281,1.0,64,8,985,985,985,985,985,1.0,1.0,1.0,1.0
1282,1.0,64,8,652,869,501,869,501,1.0,1.0,1.0,1.0
1283,1.0,64,8,63,63,363,63,363,1.0,1.0,1.0,1.0
1284,1.0,64,8,431,431,431,431,431,1.0,1.0,1.0,1.0
1285,1.0,64,8,417,417,417,417,417,1.0,1.0,1.0,1.0
1286,1.0,64,8,985,985,951,985,951,1.0,1.0,1.0,1.0
1287,1.0,64,8,957,957,957,957,957,1.0,1.0,1.0,1.0
1288,1.0,64,8,871,871,484,871,484,1.0,1.0,1.0,1.0
1289,1.0,64,8,102,102,102,102,102,1.0,1.0,1.0,1.0
1290,1.0,64,8,705,466,884,466,884,1.0,1.0,1.0,1.0
1291,1.0,64,8,384,384,18,384,18,1.0,1.0,1.0,1.0
1292,1.0,64,8,885,885,447,885,447,1.0,1.0,1.0,1.0
1293,1.0,64,8,412,412,677,412,677,1.0,1.0,1.0,1.0
1294,1.0,64,8,891,671,507,671,507,1.0,1.0,1.0,1.0
1295,1.0,64,8,163,159,185,159,185,1.0,1.0,1.0,1.0
1296,1.0,64,8,813,910,726,910,726,1.0,1.0,1.0,1.0
1297,1.0,64,8,532,532,762,532,762,1.0,1.0,1.0,1.0
1298,1.0,64,8,615,615,535,615,535,1.0,1.0,1.0,1.0
1299,1.0,64,8,621,621,574,621,574,1.0,1.0,1.0,1.0
1300,1.0,64,8,337,337,337,337,337,1.0,1.0,1.0,1.0
1301,1.0,64,8,555,555,555,555,555,1.0,1.0,1.0,1.0
1302,1.0,64,8,512,512,881,512,881,1.0,1.0,1.0,1.0
1303,1.0,64,8,417,417,672,417,672,1.0,1.0,1.0,1.0
1304,1.0,64,8,848,482,485,482,485,1.0,1.0,1.0,1.0
1305,1.0,64,8,53,53,114,53,114,1.0,1.0,1.0,1.0
1306,1.0,64,8,369,379,379,379,379,1.0,1.0,1.0,1.0
1307,1.0,64,8,841,721,906,721,906,1.0,1.0,1.0,1.0
1308,1.0,64,8,513,513,966,513,966,1.0,1.0,1.0,1.0
1309,1.0,64,8,831,453,517,453,517,1.0,1.0,1.0,1.0
1310,1.0,64,8,203,203,203,203,203,1.0,1.0,1.0,1.0
1311,1.0,64,8,225,225,225,225,225,1.0,1.0,1.0,1.0
1312,1.0,64,8,582,582,582,582,582,1.0,1.0,1.0,1.0
1313,1.0,64,8,359,358,330,358,330,1.0,1.0,1.0,1.0
1314,1.0,64,8,368,368,912,368,912,1.0,1.0,1.0,1.0
1315,1.0,64,8,621,621,645,621,645,1.0,1.0,1.0,1.0
1316,1.0,64,8,737,440,907,440,907,1.0,1.0,1.0,1.0
1317,1.0,64,8,560,560,560,560,560,1.0,1.0,1.0,1.0
1318,1.0,64,8,843,805,698,805,698,1.0,1.0,1.0,1.0
1319,1.0,64,8,170,170,355,170,355,1.0,1.0,1.0,1.0
1320,1.0,64,8,384,384,384,384,384,1.0,1.0,1.0,1.0
1321,1.0,64,8,980,980,980,980,980,1.0,1.0,1.0,1.0
1322,1.0,64,8,888,888,888,888,888,1.0,1.0,1.0,1.0
1323,1.0,64,8,799,656,609,656,609,1.0,1.0,1.0,1.0
1324,1.0,64,8,812,812,442,812,442,1.0,1.0,1.0,1.0
1325,1.0,64,8,788,788,600,788,600,1.0,1.0,1.0,1.0
1326,1.0,64,8,445,445,445,445,445,1.0,1.0,1.0,1.0
1327,1.0,64,8,280,278,336,278,336,1.0,1.0,1.0,1.0
1328,1.0,64,8,19,19,19,19,19,1.0,1.0,1.0,1.0
1329,1.0,64,8,761,761,761,761,761,1.0,1.0,1.0,1.0
1330,1.0,64,8,612,612,612,612,612,1.0,1.0,1.0,1.0
1331,1.0,64,8,839,976,483,976,483,1.0,1.0,1.0,1.0
1332,1.0,64,8,844,844,844,844,844,1.0,1.0,1.0,1.0
1333,1.0,64,8,135,135,135,135,135,1.0,1.0,1.0,1.0
1334,1.0,64,8,556,498,553,498,553,1.0,1.0,1.0,1.0
1335,1.0,64,8,551,551,672,551,672,1.0,1.0,1.0,1.0
1336,1.0,64,8,626,626,513,626,513,1.0,1.0,1.0,1.0
1337,1.0,64,8,934,965,935,965,935,1.0,1.0,1.0,1.0
1338,1.0,64,8,397,397,113,397,113,1.0,1.0,1.0,1.0
1339,1.0,64,8,259,259,283,259,283,1.0,1.0,1.0,1.0
1340,1.0,64,8,398,398,700,398,700,1.0,1.0,1.0,1.0
1341,1.0,64,8,860,860,877,860,877,1.0,1.0,1.0,1.0
1342,1.0,64,8,893,893,831,893,831,1.0,1.0,1.0,1.0
1343,1.0,64,8,107,107,107,107,107,1.0,1.0,1.0,1.0
1344,1.0,64,8,780,780,699,780,699,1.0,1.0,1.0,1.0
1345,1.0,64,8,716,716,716,716,716,1.0,1.0,1.0,1.0
1346,1.0,64,8,897,756,905,756,905,1.0,1.0,1.0,1.0
1347,1.0,64,8,861,861,835,861,835,1.0,1.0,1.0,1.0
1348,1.0,64,8,307,307,320,307,320,1.0,1.0,1.0,1.0
1349,1.0,64,8,814,814,814,814,814,1.0,1.0,1.0,1.0
1350,1.0,64,8,411,411,999,411,999,1.0,1.0,1.0,1.0
1351,1.0,64,8,810,878,586,878,586,1.0,1.0,1.0,1.0
1352,1.0,64,8,22,22,22,22,22,1.0,1.0,1.0,1.0
1353,1.0,64,8,761,761,769,761,769,1.0,1.0,1.0,1.0
1354,1.0,64,8,488,758,921,758,921,1.0,1.0,1.0,1.0
1355,1.0,64,8,783,783,783,783,783,1.0,1.0,1.0,1.0
1356,1.0,64,8,440,440,440,440,440,1.0,1.0,1.0,1.0
1357,1.0,64,8,847,847,492,847,492,1.0,1.0,1.0,1.0
1358,1.0,64,8,568,568,424,568,424,1.0,1.0,1.0,1.0
1359,1.0,64,8,368,368,368,368,368,1.0,1.0,1.0,1.0
1360,1.0,64,8,877,877,769,877,769,1.0,1.0,1.0,1.0
1361,1.0,64,8,438,647,659,647,659,1.0,1.0,1.0,1.0
1362,1.0,64,8,73,73,442,73,442,1.0,1.0,1.0,1.0
1363,1.0,64,8,676,676,570,676,570,1.0,1.0,1.0,1.0
1364,1.0,64,8,790,790,790,790,790,1.0,1.0,1.0,1.0
1365,1.0,64,8,801,801,801,801,801,1.0,1.0,1.0,1.0
1366,1.0,64,8,691,652,691,652,691,1.0,1.0,1.0,1.0
1367,1.0,64,8,532,762,453,762,453,1.0,1.0,1.0,1.0
1368,1.0,64,8,334,334,8,334,8,1.0,1.0,1.0,1.0
1369,1.0,64,8,316,75,316,75,316,1.0,1.0,1.0,1.0
1370,1.0,64,8,868,455,647,455,647,1.0,1.0,1.0,1.0
1371,1.0,64,8,291,291,260,291,260,1.0,1.0,1.0,1.0
1372,1.0,64,8,699,699,699,699,699,1.0,1.0,1.0,1.0
1373,1.0,64,8,969,969,967,969,967,1.0,1.0,1.0,1.0
1374,1.0,64,8,104,104,299,104,299,1.0,1.0,1.0,1.0
1375,1.0,64,8,508,508,681,508,681,1.0,1.0,1.0,1.0
1376,1.0,64,8,298,298,298,298,298,1.0,1.0,1.0,1.0
1377,1.0,64,8,374,374,364,374,364,1.0,1.0,1.0,1.0
1378,1.0,64,8,463,463,626,463,626,1.0,1.0,1.0,1.0
1379,1.0,64,8,648,648,760,648,760,1.0,1.0,1.0,1.0
1380,1.0,64,8,56,56,56,56,56,1.0,1.0,1.0,1.0
1381,1.0,64,8,91,91,86,91,86,1.0,1.0,1.0,1.0
1382,1.0,64,8,704,704,561,704,561,1.0,1.0,1.0,1.0
1383,1.0,64,8,809,809,926,809,926,1.0,1.0,1.0,1.0
1384,1.0,64,8,166,166,199,166,199,1.0,1.0,1.0,1.0
1385,1.0,64,8,345,690,349,690,349,1.0,1.0,1.0,1.0
1386,1.0,64,8,815,815,74,815,74,1.0,1.0,1.0,1.0
1387,1.0,64,8,34,34,41,34,41,1.0,1.0,1.0,1.0
1388,1.0,64,8,83,83,83,83,83,1.0,1.0,1.0,1.0
1389,1.0,64,8,212,217,738,217,738,1.0,1.0,1.0,1.0
1390,1.0,64,8,766,766,766,766,766,1.0,1.0,1.0,1.0
1391,1.0,64,8,423,423,613,423,613,1.0,1.0,1.0,1.0
1392,1.0,64,8,368,368,187,368,187,1.0,1.0,1.0,1.0
1393,1.0,64,8,440,440,440,440,440,1.0,1.0,1.0,1.0
1394,1.0,64,8,323,323,323,323,323,1.0,1.0,1.0,1.0
1395,1.0,64,8,187,187,187,187,187,1.0,1.0,1.0,1.0
1396,1.0,64,8,267,267,267,267,267,1.0,1.0,1.0,1.0
1397,1.0,64,8,167,264,162,264,162,1.0,1.0,1.0,1.0
1398,1.0,64,8,707,707,707,707,707,1.0,1.0,1.0,1.0
1399,1.0,64,8,145,145,145,145,145,1.0,1.0,1.0,1.0
1400,1.0,64,8,811,811,791,811,791,1.0,1.0,1.0,1.0
1401,1.0,64,8,935,935,961,935,961,1.0,1.0,1.0,1.0
1402,1.0,64,8,365,365,365,365,365,1.0,1.0,1.0,1.0
1403,1.0,64,8,765,765,791,765,791,1.0,1.0,1.0,1.0
1404,1.0,64,8,951,951,522,951,522,1.0,1.0,1.0,1.0
1405,1.0,64,8,788,655,543,655,543,1.0,1.0,1.0,1.0
1406,1.0,64,8,690,984,690,984,690,1.0,1.0,1.0,1.0
1407,1.0,64,8,876,435,607,435,607,1.0,1.0,1.0,1.0
1408,1.0,64,8,582,582,950,582,950,1.0,1.0,1.0,1.0
1409,1.0,64,8,577,828,818,828,818,1.0,1.0,1.0,1.0
1410,1.0,64,8,794,794,794,794,794,1.0,1.0,1.0,1.0
1411,1.0,64,8,842,842,576,842,576,1.0,1.0,1.0,1.0
1412,1.0,64,8,23,23,958,23,958,1.0,1.0,1.0,1.0
1413,1.0,64,8,736,736,736,736,736,1.0,1.0,1.0,1.0
1414,1.0,64,8,482,485,487,485,487,1.0,1.0,1.0,1.0
1415,1.0,64,8,44,44,69,44,69,1.0,1.0,1.0,1.0
1416,1.0,64,8,783,783,783,783,783,1.0,1.0,1.0,1.0
1417,1.0,64,8,4,4,5,4,5,1.0,1.0,1.0,1.0
1418,1.0,64,8,773,441,645,441,645,1.0,1.0,1.0,1.0
1419,1.0,64,8,370,370,41,370,41,1.0,1.0,1.0,1.0
1420,1.0,64,8,173,173,263,173,263,1.0,1.0,1.0,1.0
1421,1.0,64,8,72,72,72,72,72,1.0,1.0,1.0,1.0
1422,1.0,64,8,547,547,803,547,803,1.0,1.0,1.0,1.0
1423,1.0,64,8,445,445,801,445,801,1.0,1.0,1.0,1.0
1424,1.0,64,8,470,470,470,470,470,1.0,1.0,1.0,1.0
1425,1.0,64,8,321,321,321,321,321,1.0,1.0,1.0,1.0
1426,1.0,64,8,872,872,558,872,558,1.0,1.0,1.0,1.0
1427,1.0,64,8,462,746,746,746,746,1.0,1.0,1.0,1.0
1428,1.0,64,8,848,754,848,754,848,1.0,1.0,1.0,1.0
1429,1.0,64,8,826,826,512,826,512,1.0,1.0,1.0,1.0
1430,1.0,64,8,437,976,976,976,976,1.0,1.0,1.0,1.0
1431,1.0,64,8,583,583,596,583,596,1.0,1.0,1.0,1.0
1432,1.0,64,8,240,241,164,241,164,1.0,1.0,1.0,1.0
1433,1.0,64,8,928,928,928,928,928,1.0,1.0,1.0,1.0
1434,1.0,64,8,102,102,106,102,106,1.0,1.0,1.0,1.0
1435,1.0,64,8,297,252,232,252,232,1.0,1.0,1.0,1.0
1436,1.0,64,8,561,561,468,561,468,1.0,1.0,1.0,1.0
1437,1.0,64,8,858,858,419,858,419,1.0,1.0,1.0,1.0
1438,1.0,64,8,943,943,59,943,59,1.0,1.0,1.0,1.0
1439,1.0,64,8,758,770,5,770,5,1.0,1.0,1.0,1.0
1440,1.0,64,8,172,172,730,172,730,1.0,1.0,1.0,1.0
1441,1.0,64,8,167,166,253,166,253,1.0,1.0,1.0,1.0
1442,1.0,64,8,796,796,735,796,735,1.0,1.0,1.0,1.0
1443,1.0,64,8,903,903,459,903,459,1.0,1.0,1.0,1.0
1444,1.0,64,8,217,217,156,217,156,1.0,1.0,1.0,1.0
1445,1.0,64,8,649,649,497,649,497,1.0,1.0,1.0,1.0
1446,1.0,64,8,617,617,589,617,589,1.0,1.0,1.0,1.0
1447,1.0,64,8,310,310,310,310,310,1.0,1.0,1.0,1.0
1448,1.0,64,8,533,533,533,533,533,1.0,1.0,1.0,1.0
1449,1.0,64,8,702,421,410,421,410,1.0,1.0,1.0,1.0
1450,1.0,64,8,809,809,666,809,666,1.0,1.0,1.0,1.0
1451,1.0,64,8,298,298,0,298,0,1.0,1.0,1.0,1.0
1452,1.0,64,8,556,421,702,421,702,1.0,1.0,1.0,1.0
1453,1.0,64,8,915,915,915,915,915,1.0,1.0,1.0,1.0
1454,1.0,64,8,957,957,957,957,957,1.0,1.0,1.0,1.0
1455,1.0,64,8,712,712,712,712,712,1.0,1.0,1.0,1.0
1456,1.0,64,8,747,747,650,747,650,1.0,1.0,1.0,1.0
1457,1.0,64,8,840,840,456,840,456,1.0,1.0,1.0,1.0
1458,1.0,64,8,649,649,649,649,649,1.0,1.0,1.0,1.0
1459,1.0,64,8,543,543,543,543,543,1.0,1.0,1.0,1.0
1460,1.0,64,8,807,807,807,807,807,1.0,1.0,1.0,1.0
1461,1.0,64,8,371,371,371,371,371,1.0,1.0,1.0,1.0
1462,1.0,64,8,24,24,24,24,24,1.0,1.0,1.0,1.0
1463,1.0,64,8,795,795,795,795,795,1.0,1.0,1.0,1.0
1464,1.0,64,8,153,153,216,153,216,1.0,1.0,1.0,1.0
1465,1.0,64,8,106,106,298,106,298,1.0,1.0,1.0,1.0
1466,1.0,64,8,198,197,367,197,367,1.0,1.0,1.0,1.0
1467,1.0,64,8,627,627,656,627,656,1.0,1.0,1.0,1.0
1468,1.0,64,8,146,146,146,146,146,1.0,1.0,1.0,1.0
1469,1.0,64,8,587,769,499,769,499,1.0,1.0,1.0,1.0
1470,1.0,64,8,297,297,177,297,177,1.0,1.0,1.0,1.0
1471,1.0,64,8,110,110,65,110,65,1.0,1.0,1.0,1.0
1472,1.0,64,8,238,238,172,238,172,1.0,1.0,1.0,1.0
1473,1.0,64,8,788,788,563,788,563,1.0,1.0,1.0,1.0
1474,1.0,64,8,776,776,776,776,776,1.0,1.0,1.0,1.0
1475,1.0,64,8,745,745,754,745,754,1.0,1.0,1.0,1.0
1476,1.0,64,8,101,386,386,386,386,1.0,1.0,1.0,1.0
1477,1.0,64,8,982,982,982,982,982,1.0,1.0,1.0,1.0
1478,1.0,64,8,940,940,719,940,719,1.0,1.0,1.0,1.0
1479,1.0,64,8,691,655,655,655,655,1.0,1.0,1.0,1.0
1480,1.0,64,8,246,246,243,246,243,1.0,1.0,1.0,1.0
1481,1.0,64,8,290,290,290,290,290,1.0,1.0,1.0,1.0
1482,1.0,64,8,883,883,846,883,846,1.0,1.0,1.0,1.0
1483,1.0,64,8,66,66,66,66,66,1.0,1.0,1.0,1.0
1484,1.0,64,8,674,840,602,840,602,1.0,1.0,1.0,1.0
1485,1.0,64,8,171,171,253,171,253,1.0,1.0,1.0,1.0
1486,1.0,64,8,527,527,485,527,485,1.0,1.0,1.0,1.0
1487,1.0,64,8,499,499,966,499,966,1.0,1.0,1.0,1.0
1488,1.0,64,8,216,216,181,216,181,1.0,1.0,1.0,1.0
1489,1.0,64,8,669,669,669,669,669,1.0,1.0,1.0,1.0
1490,1.0,64,8,319,320,563,320,563,1.0,1.0,1.0,1.0
1491,1.0,64,8,243,180,180,180,180,1.0,1.0,1.0,1.0
1492,1.0,64,8,265,266,191,266,191,1.0,1.0,1.0,1.0
1493,1.0,64,8,342,342,48,342,48,1.0,1.0,1.0,1.0
1494,1.0,64,8,744,744,744,744,744,1.0,1.0,1.0,1.0
1495,1.0,64,8,615,636,465,636,465,1.0,1.0,1.0,1.0
1496,1.0,64,8,838,838,530,838,530,1.0,1.0,1.0,1.0
1497,1.0,64,8,701,701,701,701,701,1.0,1.0,1.0,1.0
1498,1.0,64,8,451,451,879,451,879,1.0,1.0,1.0,1.0
1499,1.0,64,8,487,487,487,487,487,1.0,1.0,1.0,1.0
1500,1.0,64,8,835,835,835,835,835,1.0,1.0,1.0,1.0
1501,1.0,64,8,976,975,975,975,975,1.0,1.0,1.0,1.0
1502,1.0,64,8,937,937,937,937,937,1.0,1.0,1.0,1.0
1503,1.0,64,8,334,334,334,334,334,1.0,1.0,1.0,1.0
1504,1.0,64,8,3,3,3,3,3,1.0,1.0,1.0,1.0
1505,1.0,64,8,569,569,569,569,569,1.0,1.0,1.0,1.0
1506,1.0,64,8,455,455,455,455,455,1.0,1.0,1.0,1.0
1507,1.0,64,8,299,299,269,299,269,1.0,1.0,1.0,1.0
1508,1.0,64,8,935,962,935,962,935,1.0,1.0,1.0,1.0
1509,1.0,64,8,858,858,858,858,858,1.0,1.0,1.0,1.0
1510,1.0,64,8,3,3,389,3,389,1.0,1.0,1.0,1.0
1511,1.0,64,8,385,385,385,385,385,1.0,1.0,1.0,1.0
1512,1.0,64,8,513,513,539,513,539,1.0,1.0,1.0,1.0
1513,1.0,64,8,290,290,996,290,996,1.0,1.0,1.0,1.0
1514,1.0,64,8,386,386,347,386,347,1.0,1.0,1.0,1.0
1515,1.0,64,8,976,483,976,483,976,1.0,1.0,1.0,1.0
1516,1.0,64,8,206,206,221,206,221,1.0,1.0,1.0,1.0
1517,1.0,64,8,308,308,314,308,314,1.0,1.0,1.0,1.0
1518,1.0,64,8,70,70,70,70,70,1.0,1.0,1.0,1.0
1519,1.0,64,8,580,580,399,580,399,1.0,1.0,1.0,1.0
1520,1.0,64,8,27,27,27,27,27,1.0,1.0,1.0,1.0
1521,1.0,64,8,66,60,990,60,990,1.0,1.0,1.0,1.0
1522,1.0,64,8,238,238,240,238,240,1.0,1.0,1.0,1.0
1523,1.0,64,8,87,87,87,87,87,1.0,1.0,1.0,1.0
1524,1.0,64,8,666,666,666,666,666,1.0,1.0,1.0,1.0
1525,1.0,64,8,1,1,443,1,443,1.0,1.0,1.0,1.0
1526,1.0,64,8,433,433,433,433,433,1.0,1.0,1.0,1.0
1527,1.0,64,8,81,81,81,81,81,1.0,1.0,1.0,1.0
1528,1.0,64,8,500,500,500,500,500,1.0,1.0,1.0,1.0
1529,1.0,64,8,77,77,125,77,125,1.0,1.0,1.0,1.0
1530,1.0,64,8,6,6,78,6,78,1.0,1.0,1.0,1.0
1531,1.0,64,8,644,644,644,644,644,1.0,1.0,1.0,1.0
1532,1.0,64,8,685,685,685,685,685,1.0,1.0,1.0,1.0
1533,1.0,64,8,723,549,709,549,709,1.0,1.0,1.0,1.0
1534,1.0,64,8,611,611,815,611,815,1.0,1.0,1.0,1.0
1535,1.0,64,8,54,68,69,68,69,1.0,1.0,1.0,1.0
1536,1.0,64,8,29,29,16,29,16,1.0,1.0,1.0,1.0
1537,1.0,64,8,514,514,957,514,957,1.0,1.0,1.0,1.0
1538,1.0,64,8,450,795,413,795,413,1.0,1.0,1.0,1.0
1539,1.0,64,8,354,354,354,354,354,1.0,1.0,1.0,1.0
1540,1.0,64,8,198,198,198,198,198,1.0,1.0,1.0,1.0
1541,1.0,64,8,729,729,446,729,446,1.0,1.0,1.0,1.0
1542,1.0,64,8,171,171,584,171,584,1.0,1.0,1.0,1.0
1543,1.0,64,8,373,373,378,373,378,1.0,1.0,1.0,1.0
1544,1.0,64,8,397,973,109,973,109,1.0,1.0,1.0,1.0
1545,1.0,64,8,81,81,81,81,81,1.0,1.0,1.0,1.0
1546,1.0,64,8,640,640,640,640,640,1.0,1.0,1.0,1.0
1547,1.0,64,8,766,766,760,766,760,1.0,1.0,1.0,1.0
1548,1.0,64,8,220,220,602,220,602,1.0,1.0,1.0,1.0
1549,1.0,64,8,456,456,842,456,842,1.0,1.0,1.0,1.0
1550,1.0,64,8,667,667,445,667,445,1.0,1.0,1.0,1.0
1551,1.0,64,8,192,192,355,192,355,1.0,1.0,1.0,1.0
1552,1.0,64,8,504,788,762,788,762,1.0,1.0,1.0,1.0
1553,1.0,64,8,739,765,415,765,415,1.0,1.0,1.0,1.0
1554,1.0,64,8,27,27,321,27,321,1.0,1.0,1.0,1.0
1555,1.0,64,8,389,389,389,389,389,1.0,1.0,1.0,1.0
1556,1.0,64,8,235,235,191,235,191,1.0,1.0,1.0,1.0
1557,1.0,64,8,505,505,550,505,550,1.0,1.0,1.0,1.0
1558,1.0,64,8,160,160,185,160,185,1.0,1.0,1.0,1.0
1559,1.0,64,8,474,474,906,474,906,1.0,1.0,1.0,1.0
1560,1.0,64,8,790,790,790,790,790,1.0,1.0,1.0,1.0
1561,1.0,64,8,554,460,833,460,833,1.0,1.0,1.0,1.0
1562,1.0,64,8,847,847,579,847,579,1.0,1.0,1.0,1.0
1563,1.0,64,8,664,664,508,664,508,1.0,1.0,1.0,1.0
1564,1.0,64,8,192,192,192,192,192,1.0,1.0,1.0,1.0
1565,1.0,64,8,504,504,818,504,818,1.0,1.0,1.0,1.0
1566,1.0,64,8,969,504,917,504,917,1.0,1.0,1.0,1.0
1567,1.0,64,8,578,578,613,578,613,1.0,1.0,1.0,1.0
1568,1.0,64,8,333,333,333,333,333,1.0,1.0,1.0,1.0
1569,1.0,64,8,207,207,207,207,207,1.0,1.0,1.0,1.0
1570,1.0,64,8,654,654,654,654,654,1.0,1.0,1.0,1.0
1571,1.0,64,8,743,743,743,743,743,1.0,1.0,1.0,1.0
1572,1.0,64,8,62,43,314,43,314,1.0,1.0,1.0,1.0
1573,1.0,64,8,462,462,703,462,703,1.0,1.0,1.0,1.0
1574,1.0,64,8,34,34,34,34,34,1.0,1.0,1.0,1.0
1575,1.0,64,8,515,515,401,515,401,1.0,1.0,1.0,1.0
1576,1.0,64,8,314,314,71,314,71,1.0,1.0,1.0,1.0
1577,1.0,64,8,865,865,509,865,509,1.0,1.0,1.0,1.0
1578,1.0,64,8,778,673,549,673,549,1.0,1.0,1.0,1.0
1579,1.0,64,8,359,359,284,359,284,1.0,1.0,1.0,1.0
1580,1.0,64,8,520,520,520,520,520,1.0,1.0,1.0,1.0
1581,1.0,64,8,167,166,162,166,162,1.0,1.0,1.0,1.0
1582,1.0,64,8,450,450,802,450,802,1.0,1.0,1.0,1.0
1583,1.0,64,8,174,174,174,174,174,1.0,1.0,1.0,1.0
1584,1.0,64,8,775,775,977,775,977,1.0,1.0,1.0,1.0
1585,1.0,64,8,154,201,958,201,958,1.0,1.0,1.0,1.0
1586,1.0,64,8,436,656,800,656,800,1.0,1.0,1.0,1.0
1587,1.0,64,8,256,194,283,194,283,1.0,1.0,1.0,1.0
1588,1.0,64,8,896,896,861,896,861,1.0,1.0,1.0,1.0
1589,1.0,64,8,652,715,670,715,670,1.0,1.0,1.0,1.0
1590,1.0,64,8,335,335,337,335,337,1.0,1.0,1.0,1.0
1591,1.0,64,8,778,778,149,778,149,1.0,1.0,1.0,1.0
1592,1.0,64,8,595,595,621,595,621,1.0,1.0,1.0,1.0
1593,1.0,64,8,831,831,831,831,831,1.0,1.0,1.0,1.0
1594,1.0,64,8,784,784,623,784,623,1.0,1.0,1.0,1.0
1595,1.0,64,8,906,906,45,906,45,1.0,1.0,1.0,1.0
1596,1.0,64,8,222,222,257,222,257,1.0,1.0,1.0,1.0
1597,1.0,64,8,734,734,734,734,734,1.0,1.0,1.0,1.0
1598,1.0,64,8,350,350,350,350,350,1.0,1.0,1.0,1.0
1599,1.0,64,8,439,439,439,439,439,1.0,1.0,1.0,1.0
1600,1.0,64,8,590,761,892,761,892,1.0,1.0,1.0,1.0
1601,1.0,64,8,368,368,384,368,384,1.0,1.0,1.0,1.0
1602,1.0,64,8,499,784,784,784,784,1.0,1.0,1.0,1.0
1603,1.0,64,8,437,437,437,437,437,1.0,1.0,1.0,1.0
1604,1.0,64,8,294,294,294,294,294,1.0,1.0,1.0,1.0
1605,1.0,64,8,618,635,502,635,502,1.0,1.0,1.0,1.0
1606,1.0,64,8,40,40,59,40,59,1.0,1.0,1.0,1.0
1607,1.0,64,8,381,369,235,369,235,1.0,1.0,1.0,1.0
1608,1.0,64,8,752,641,443,641,443,1.0,1.0,1.0,1.0
1609,1.0,64,8,908,908,908,908,908,1.0,1.0,1.0,1.0
1610,1.0,64,8,136,136,723,136,723,1.0,1.0,1.0,1.0
1611,1.0,64,8,56,56,45,56,45,1.0,1.0,1.0,1.0
1612,1.0,64,8,862,862,470,862,470,1.0,1.0,1.0,1.0
1613,1.0,64,8,403,403,628,403,628,1.0,1.0,1.0,1.0
1614,1.0,64,8,776,819,327,819,327,1.0,1.0,1.0,1.0
1615,1.0,64,8,13,13,15,13,15,1.0,1.0,1.0,1.0
1616,1.0,64,8,897,897,760,897,760,1.0,1.0,1.0,1.0
1617,1.0,64,8,604,604,636,604,636,1.0,1.0,1.0,1.0
1618,1.0,64,8,520,520,520,520,520,1.0,1.0,1.0,1.0
1619,1.0,64,8,33,336,33,336,33,1.0,1.0,1.0,1.0
1620,1.0,64,8,759,759,473,759,473,1.0,1.0,1.0,1.0
1621,1.0,64,8,938,938,938,938,938,1.0,1.0,1.0,1.0
1622,1.0,64,8,940,940,940,940,940,1.0,1.0,1.0,1.0
1623,1.0,64,8,245,195,616,195,616,1.0,1.0,1.0,1.0
1624,1.0,64,8,734,734,575,734,575,1.0,1.0,1.0,1.0
1625,1.0,64,8,625,625,625,625,625,1.0,1.0,1.0,1.0
1626,1.0,64,8,587,587,895,587,895,1.0,1.0,1.0,1.0
1627,1.0,64,8,984,984,984,984,984,1.0,1.0,1.0,1.0
1628,1.0,64,8,305,305,306,305,306,1.0,1.0,1.0,1.0
1629,1.0,64,8,75,75,75,75,75,1.0,1.0,1.0,1.0
1630,1.0,64,8,533,533,533,533,533,1.0,1.0,1.0,1.0
1631,1.0,64,8,931,931,931,931,931,1.0,1.0,1.0,1.0
1632,1.0,64,8,280,280,277,280,277,1.0,1.0,1.0,1.0
1633,1.0,64,8,520,520,520,520,520,1.0,1.0,1.0,1.0
1634,1.0,64,8,996,996,397,996,397,1.0,1.0,1.0,1.0
1635,1.0,64,8,241,241,241,241,241,1.0,1.0,1.0,1.0
1636,1.0,64,8,729,495,760,495,760,1.0,1.0,1.0,1.0
1637,1.0,64,8,329,329,898,329,898,1.0,1.0,1.0,1.0
1638,1.0,64,8,183,183,183,183,183,1.0,1.0,1.0,1.0
1639,1.0,64,8,700,534,651,534,651,1.0,1.0,1.0,1.0
1640,1.0,64,8,703,703,703,703,703,1.0,1.0,1.0,1.0
1641,1.0,64,8,759,759,622,759,622,1.0,1.0,1.0,1.0
1642,1.0,64,8,865,865,865,865,865,1.0,1.0,1.0,1.0
1643,1.0,64,8,672,672,637,672,637,1.0,1.0,1.0,1.0
1644,1.0,64,8,915,915,538,915,538,1.0,1.0,1.0,1.0
1645,1.0,64,8,179,179,223,179,223,1.0,1.0,1.0,1.0
1646,1.0,64,8,743,743,829,743,829,1.0,1.0,1.0,1.0
1647,1.0,64,8,643,643,552,643,552,1.0,1.0,1.0,1.0
1648,1.0,64,8,842,842,842,842,842,1.0,1.0,1.0,1.0
1649,1.0,64,8,71,71,126,71,126,1.0,1.0,1.0,1.0
1650,1.0,64,8,663,873,873,873,873,1.0,1.0,1.0,1.0
1651,1.0,64,8,467,467,394,467,394,1.0,1.0,1.0,1.0
1652,1.0,64,8,699,519,516,519,516,1.0,1.0,1.0,1.0
1653,1.0,64,8,158,158,174,158,174,1.0,1.0,1.0,1.0
1654,1.0,64,8,810,664,681,664,681,1.0,1.0,1.0,1.0
1655,1.0,64,8,905,905,457,905,457,1.0,1.0,1.0,1.0
1656,1.0,64,8,237,237,164,237,164,1.0,1.0,1.0,1.0
1657,1.0,64,8,215,215,215,215,215,1.0,1.0,1.0,1.0
1658,1.0,64,8,272,272,272,272,272,1.0,1.0,1.0,1.0
1659,1.0,64,8,786,786,666,786,666,1.0,1.0,1.0,1.0
1660,1.0,64,8,682,682,682,682,682,1.0,1.0,1.0,1.0
1661,1.0,64,8,233,233,233,233,233,1.0,1.0,1.0,1.0
1662,1.0,64,8,625,625,625,625,625,1.0,1.0,1.0,1.0
1663,1.0,64,8,579,579,579,579,579,1.0,1.0,1.0,1.0
1664,1.0,64,8,262,262,245,262,245,1.0,1.0,1.0,1.0
1665,1.0,64,8,399,399,399,399,399,1.0,1.0,1.0,1.0
1666,1.0,64,8,205,197,672,197,672,1.0,1.0,1.0,1.0
1667,1.0,64,8,291,291,291,291,291,1.0,1.0,1.0,1.0
1668,1.0,64,8,454,917,549,917,549,1.0,1.0,1.0,1.0
1669,1.0,64,8,994,994,111,994,111,1.0,1.0,1.0,1.0
1670,1.0,64,8,676,603,343,603,343,1.0,1.0,1.0,1.0
1671,1.0,64,8,120,120,116,120,116,1.0,1.0,1.0,1.0
1672,1.0,64,8,630,630,797,630,797,1.0,1.0,1.0,1.0
1673,1.0,64,8,472,472,325,472,325,1.0,1.0,1.0,1.0
1674,1.0,64,8,647,647,714,647,714,1.0,1.0,1.0,1.0
1675,1.0,64,8,859,728,797,728,797,1.0,1.0,1.0,1.0
1676,1.0,64,8,665,665,626,665,626,1.0,1.0,1.0,1.0
1677,1.0,64,8,636,385,344,385,344,1.0,1.0,1.0,1.0
1678,1.0,64,8,296,296,296,296,296,1.0,1.0,1.0,1.0
1679,1.0,64,8,806,806,709,806,709,1.0,1.0,1.0,1.0
1680,1.0,64,8,307,307,77,307,77,1.0,1.0,1.0,1.0
1681,1.0,64,8,354,354,354,354,354,1.0,1.0,1.0,1.0
1682,1.0,64,8,986,986,986,986,986,1.0,1.0,1.0,1.0
1683,1.0,64,8,967,967,967,967,967,1.0,1.0,1.0,1.0
1684,1.0,64,8,627,627,817,627,817,1.0,1.0,1.0,1.0
1685,1.0,64,8,187,187,203,187,203,1.0,1.0,1.0,1.0
1686,1.0,64,8,755,755,755,755,755,1.0,1.0,1.0,1.0
1687,1.0,64,8,748,470,852,470,852,1.0,1.0,1.0,1.0
1688,1.0,64,8,504,846,214,846,214,1.0,1.0,1.0,1.0
1689,1.0,64,8,595,595,595,595,595,1.0,1.0,1.0,1.0
1690,1.0,64,8,881,881,492,881,492,1.0,1.0,1.0,1.0
1691,1.0,64,8,436,656,627,656,627,1.0,1.0,1.0,1.0
1692,1.0,64,8,877,877,877,877,877,1.0,1.0,1.0,1.0
1693,1.0,64,8,241,241,240,241,240,1.0,1.0,1.0,1.0
1694,1.0,64,8,425,425,425,425,425,1.0,1.0,1.0,1.0
1695,1.0,64,8,496,496,496,496,496,1.0,1.0,1.0,1.0
1696,1.0,64,8,793,793,999,793,999,1.0,1.0,1.0,1.0
1697,1.0,64,8,548,548,548,548,548,1.0,1.0,1.0,1.0
1698,1.0,64,8,714,714,714,714,714,1.0,1.0,1.0,1.0
1699,1.0,64,8,887,887,315,887,315,1.0,1.0,1.0,1.0
1700,1.0,64,8,964,964,964,964,964,1.0,1.0,1.0,1.0
1701,1.0,64,8,951,951,951,951,951,1.0,1.0,1.0,1.0
1702,1.0,64,8,721,748,893,748,893,1.0,1.0,1.0,1.0
1703,1.0,64,8,521,521,521,521,521,1.0,1.0,1.0,1.0
1704,1.0,64,8,684,684,684,684,684,1.0,1.0,1.0,1.0
1705,1.0,64,8,539,539,539,539,539,1.0,1.0,1.0,1.0
1706,1.0,64,8,539,282,282,282,282,1.0,1.0,1.0,1.0
1707,1.0,64,8,356,356,284,356,284,1.0,1.0,1.0,1.0
1708,1.0,64,8,860,860,481,860,481,1.0,1.0,1.0,1.0
1709,1.0,64,8,361,361,361,361,361,1.0,1.0,1.0,1.0
1710,1.0,64,8,582,582,791,582,791,1.0,1.0,1.0,1.0
1711,1.0,64,8,36,36,36,36,36,1.0,1.0,1.0,1.0
1712,1.0,64,8,804,896,898,896,898,1.0,1.0,1.0,1.0
1713,1.0,64,8,906,834,834,834,834,1.0,1.0,1.0,1.0
1714,1.0,64,8,167,166,184,166,184,1.0,1.0,1.0,1.0
1715,1.0,64,8,958,462,958,462,958,1.0,1.0,1.0,1.0
1716,1.0,64,8,887,614,699,614,699,1.0,1.0,1.0,1.0
1717,1.0,64,8,50,50,48,50,48,1.0,1.0,1.0,1.0
1718,1.0,64,8,806,615,846,615,846,1.0,1.0,1.0,1.0
1719,1.0,64,8,591,591,549,591,549,1.0,1.0,1.0,1.0
1720,1.0,64,8,783,783,783,783,783,1.0,1.0,1.0,1.0
1721,1.0,64,8,118,118,118,118,118,1.0,1.0,1.0,1.0
1722,1.0,64,8,857,765,490,765,490,1.0,1.0,1.0,1.0
1723,1.0,64,8,12,12,315,12,315,1.0,1.0,1.0,1.0
1724,1.0,64,8,214,214,214,214,214,1.0,1.0,1.0,1.0
1725,1.0,64,8,355,355,355,355,355,1.0,1.0,1.0,1.0
1726,1.0,64,8,886,886,886,886,886,1.0,1.0,1.0,1.0
1727,1.0,64,8,629,629,845,629,845,1.0,1.0,1.0,1.0
1728,1.0,64,8,920,920,814,920,814,1.0,1.0,1.0,1.0
1729,1.0,64,8,128,128,919,128,919,1.0,1.0,1.0,1.0
1730,1.0,64,8,769,769,593,769,593,1.0,1.0,1.0,1.0
1731,1.0,64,8,743,466,877,466,877,1.0,1.0,1.0,1.0
1732,1.0,64,8,181,181,181,181,181,1.0,1.0,1.0,1.0
1733,1.0,64,8,236,236,5,236,5,1.0,1.0,1.0,1.0
1734,1.0,64,8,869,869,812,869,812,1.0,1.0,1.0,1.0
1735,1.0,64,8,880,880,880,880,880,1.0,1.0,1.0,1.0
1736,1.0,64,8,667,667,633,667,633,1.0,1.0,1.0,1.0
1737,1.0,64,8,768,768,641,768,641,1.0,1.0,1.0,1.0
1738,1.0,64,8,585,585,877,585,877,1.0,1.0,1.0,1.0
1739,1.0,64,8,277,277,277,277,277,1.0,1.0,1.0,1.0
1740,1.0,64,8,518,518,573,518,573,1.0,1.0,1.0,1.0
1741,1.0,64,8,322,322,322,322,322,1.0,1.0,1.0,1.0
1742,1.0,64,8,728,728,489,728,489,1.0,1.0,1.0,1.0
1743,1.0,64,8,445,445,520,445,520,1.0,1.0,1.0,1.0
1744,1.0,64,8,933,933,933,933,933,1.0,1.0,1.0,1.0
1745,1.0,64,8,984,984,318,984,318,1.0,1.0,1.0,1.0
1746,1.0,64,8,44,46,64,46,64,1.0,1.0,1.0,1.0
1747,1.0,64,8,463,463,463,463,463,1.0,1.0,1.0,1.0
1748,1.0,64,8,727,727,727,727,727,1.0,1.0,1.0,1.0
1749,1.0,64,8,844,673,673,673,673,1.0,1.0,1.0,1.0
1750,1.0,64,8,892,409,892,409,892,1.0,1.0,1.0,1.0
1751,1.0,64,8,403,403,403,403,403,1.0,1.0,1.0,1.0
1752,1.0,64,8,276,276,364,276,364,1.0,1.0,1.0,1.0
1753,1.0,64,8,876,868,463,868,463,1.0,1.0,1.0,1.0
1754,1.0,64,8,938,938,938,938,938,1.0,1.0,1.0,1.0
1755,1.0,64,8,341,341,398,341,398,1.0,1.0,1.0,1.0
1756,1.0,64,8,286,293,293,293,293,1.0,1.0,1.0,1.0
1757,1.0,64,8,423,424,424,424,424,1.0,1.0,1.0,1.0
1758,1.0,64,8,627,627,627,627,627,1.0,1.0,1.0,1.0
1759,1.0,64,8,335,335,335,335,335,1.0,1.0,1.0,1.0
1760,1.0,64,8,844,844,988,844,988,1.0,1.0,1.0,1.0
1761,1.0,64,8,213,213,219,213,219,1.0,1.0,1.0,1.0
1762,1.0,64,8,969,969,790,969,790,1.0,1.0,1.0,1.0
1763,1.0,64,8,603,603,345,603,345,1.0,1.0,1.0,1.0
1764,1.0,64,8,707,707,760,707,760,1.0,1.0,1.0,1.0
1765,1.0,64,8,453,453,453,453,453,1.0,1.0,1.0,1.0
1766,1.0,64,8,107,107,111,107,111,1.0,1.0,1.0,1.0
1767,1.0,64,8,202,200,170,200,170,1.0,1.0,1.0,1.0
1768,1.0,64,8,153,153,153,153,153,1.0,1.0,1.0,1.0
1769,1.0,64,8,692,631,626,631,626,1.0,1.0,1.0,1.0
1770,1.0,64,8,901,504,504,504,504,1.0,1.0,1.0,1.0
1771,1.0,64,8,28,28,28,28,28,1.0,1.0,1.0,1.0
1772,1.0,64,8,133,133,85,133,85,1.0,1.0,1.0,1.0
1773,1.0,64,8,727,538,538,538,538,1.0,1.0,1.0,1.0
1774,1.0,64,8,339,339,339,339,339,1.0,1.0,1.0,1.0
1775,1.0,64,8,134,131,540,131,540,1.0,1.0,1.0,1.0
1776,1.0,64,8,812,812,720,812,720,1.0,1.0,1.0,1.0
1777,1.0,64,8,685,685,468,685,468,1.0,1.0,1.0,1.0
1778,1.0,64,8,203,199,203,199,203,1.0,1.0,1.0,1.0
1779,1.0,64,8,684,684,88,684,88,1.0,1.0,1.0,1.0
1780,1.0,64,8,210,210,845,210,845,1.0,1.0,1.0,1.0
1781,1.0,64,8,534,534,681,534,681,1.0,1.0,1.0,1.0
1782,1.0,64,8,89,89,89,89,89,1.0,1.0,1.0,1.0
1783,1.0,64,8,979,979,979,979,979,1.0,1.0,1.0,1.0
1784,1.0,64,8,25,25,25,25,25,1.0,1.0,1.0,1.0
1785,1.0,64,8,879,723,845,723,845,1.0,1.0,1.0,1.0
1786,1.0,64,8,884,884,884,884,884,1.0,1.0,1.0,1.0
1787,1.0,64,8,511,511,746,511,746,1.0,1.0,1.0,1.0
1788,1.0,64,8,350,350,350,350,350,1.0,1.0,1.0,1.0
1789,1.0,64,8,879,612,843,612,843,1.0,1.0,1.0,1.0
1790,1.0,64,8,384,384,384,384,384,1.0,1.0,1.0,1.0
1791,1.0,64,8,881,881,881,881,881,1.0,1.0,1.0,1.0
1792,1.0,64,8,621,621,621,621,621,1.0,1.0,1.0,1.0
1793,1.0,64,8,186,186,184,186,184,1.0,1.0,1.0,1.0
1794,1.0,64,8,86,86,363,86,363,1.0,1.0,1.0,1.0
1795,1.0,64,8,497,497,425,497,425,1.0,1.0,1.0,1.0
1796,1.0,64,8,445,445,323,445,323,1.0,1.0,1.0,1.0
1797,1.0,64,8,794,406,549,406,549,1.0,1.0,1.0,1.0
1798,1.0,64,8,948,948,948,948,948,1.0,1.0,1.0,1.0
1799,1.0,64,8,972,979,979,979,979,1.0,1.0,1.0,1.0
1800,1.0,64,8,154,154,155,154,155,1.0,1.0,1.0,1.0
1801,1.0,64,8,49,49,49,49,49,1.0,1.0,1.0,1.0
1802,1.0,64,8,736,736,954,736,954,1.0,1.0,1.0,1.0
1803,1.0,64,8,914,780,914,780,914,1.0,1.0,1.0,1.0
1804,1.0,64,8,175,175,217,175,217,1.0,1.0,1.0,1.0
1805,1.0,64,8,559,557,557,557,557,1.0,1.0,1.0,1.0
1806,1.0,64,8,720,720,948,720,948,1.0,1.0,1.0,1.0
1807,1.0,64,8,445,445,837,445,837,1.0,1.0,1.0,1.0
1808,1.0,64,8,370,370,374,370,374,1.0,1.0,1.0,1.0
1809,1.0,64,8,164,164,164,164,164,1.0,1.0,1.0,1.0
1810,1.0,64,8,315,315,304,315,304,1.0,1.0,1.0,1.0
1811,1.0,64,8,908,908,404,908,404,1.0,1.0,1.0,1.0
1812,1.0,64,8,404,404,404,404,404,1.0,1.0,1.0,1.0
1813,1.0,64,8,516,431,332,431,332,1.0,1.0,1.0,1.0
1814,1.0,64,8,280,280,336,280,336,1.0,1.0,1.0,1.0
1815,1.0,64,8,507,771,916,771,916,1.0,1.0,1.0,1.0
1816,1.0,64,8,302,308,308,308,308,1.0,1.0,1.0,1.0
1817,1.0,64,8,940,942,950,942,950,1.0,1.0,1.0,1.0
1818,1.0,64,8,555,555,717,555,717,1.0,1.0,1.0,1.0
1819,1.0,64,8,604,604,862,604,862,1.0,1.0,1.0,1.0
1820,1.0,64,8,808,808,496,808,496,1.0,1.0,1.0,1.0
1821,1.0,64,8,492,492,764,492,764,1.0,1.0,1.0,1.0
1822,1.0,64,8,114,114,114,114,114,1.0,1.0,1.0,1.0
1823,1.0,64,8,388,388,388,388,388,1.0,1.0,1.0,1.0
1824,1.0,64,8,637,637,442,637,442,1.0,1.0,1.0,1.0
1825,1.0,64,8,64,64,40,64,40,1.0,1.0,1.0,1.0
1826,1.0,64,8,159,211,341,211,341,1.0,1.0,1.0,1.0
1827,1.0,64,8,199,199,252,199,252,1.0,1.0,1.0,1.0
1828,1.0,64,8,210,210,209,210,209,1.0,1.0,1.0,1.0
1829,1.0,64,8,151,151,151,151,151,1.0,1.0,1.0,1.0
1830,1.0,64,8,952,952,952,952,952,1.0,1.0,1.0,1.0
1831,1.0,64,8,825,872,776,872,776,1.0,1.0,1.0,1.0
1832,1.0,64,8,509,509,916,509,916,1.0,1.0,1.0,1.0
1833,1.0,64,8,382,382,382,382,382,1.0,1.0,1.0,1.0
1834,1.0,64,8,773,773,773,773,773,1.0,1.0,1.0,1.0
1835,1.0,64,8,142,142,140,142,140,1.0,1.0,1.0,1.0
1836,1.0,64,8,452,474,434,474,434,1.0,1.0,1.0,1.0
1837,1.0,64,8,743,489,489,489,489,1.0,1.0,1.0,1.0
1838,1.0,64,8,903,903,841,903,841,1.0,1.0,1.0,1.0
1839,1.0,64,8,781,781,916,781,916,1.0,1.0,1.0,1.0
1840,1.0,64,8,412,412,845,412,845,1.0,1.0,1.0,1.0
1841,1.0,64,8,619,619,800,619,800,1.0,1.0,1.0,1.0
1842,1.0,64,8,793,793,560,793,560,1.0,1.0,1.0,1.0
1843,1.0,64,8,447,391,491,391,491,1.0,1.0,1.0,1.0
1844,1.0,64,8,690,690,690,690,690,1.0,1.0,1.0,1.0
1845,1.0,64,8,854,854,854,854,854,1.0,1.0,1.0,1.0
1846,1.0,64,8,803,803,609,803,609,1.0,1.0,1.0,1.0
1847,1.0,64,8,275,275,101,275,101,1.0,1.0,1.0,1.0
1848,1.0,64,8,953,953,942,953,942,1.0,1.0,1.0,1.0
1849,1.0,64,8,55,64,59,64,59,1.0,1.0,1.0,1.0
1850,1.0,64,8,941,941,36,941,36,1.0,1.0,1.0,1.0
1851,1.0,64,8,463,463,428,463,428,1.0,1.0,1.0,1.0
1852,1.0,64,8,888,888,888,888,888,1.0,1.0,1.0,1.0
1853,1.0,64,8,903,903,584,903,584,1.0,1.0,1.0,1.0
1854,1.0,64,8,145,145,145,145,145,1.0,1.0,1.0,1.0
1855,1.0,64,8,601,601,894,601,894,1.0,1.0,1.0,1.0
1856,1.0,64,8,835,835,888,835,888,1.0,1.0,1.0,1.0
1857,1.0,64,8,148,148,148,148,148,1.0,1.0,1.0,1.0
1858,1.0,64,8,649,649,500,649,500,1.0,1.0,1.0,1.0
1859,1.0,64,8,586,586,586,586,586,1.0,1.0,1.0,1.0
1860,1.0,64,8,868,868,611,868,611,1.0,1.0,1.0,1.0
1861,1.0,64,8,990,990,990,990,990,1.0,1.0,1.0,1.0
1862,1.0,64,8,170,224,224,224,224,1.0,1.0,1.0,1.0
1863,1.0,64,8,197,197,852,197,852,1.0,1.0,1.0,1.0
1864,1.0,64,8,61,61,61,61,61,1.0,1.0,1.0,1.0
1865,1.0,64,8,793,949,949,949,949,1.0,1.0,1.0,1.0
1866,1.0,64,8,87,87,87,87,87,1.0,1.0,1.0,1.0
1867,1.0,64,8,35,35,116,35,116,1.0,1.0,1.0,1.0
1868,1.0,64,8,88,88,88,88,88,1.0,1.0,1.0,1.0
1869,1.0,64,8,790,541,762,541,762,1.0,1.0,1.0,1.0
1870,1.0,64,8,646,739,485,739,485,1.0,1.0,1.0,1.0
1871,1.0,64,8,977,977,649,977,649,1.0,1.0,1.0,1.0
1872,1.0,64,8,594,594,594,594,594,1.0,1.0,1.0,1.0
1873,1.0,64,8,773,773,804,773,804,1.0,1.0,1.0,1.0
1874,1.0,64,8,849,849,966,849,966,1.0,1.0,1.0,1.0
1875,1.0,64,8,3,3,2,3,2,1.0,1.0,1.0,1.0
1876,1.0,64,8,673,673,512,673,512,1.0,1.0,1.0,1.0
1877,1.0,64,8,866,866,670,866,670,1.0,1.0,1.0,1.0
1878,1.0,64,8,760,760,760,760,760,1.0,1.0,1.0,1.0
1879,1.0,64,8,839,718,494,718,494,1.0,1.0,1.0,1.0
1880,1.0,64,8,79,79,79,79,79,1.0,1.0,1.0,1.0
1881,1.0,64,8,514,514,514,514,514,1.0,1.0,1.0,1.0
1882,1.0,64,8,126,712,606,712,606,1.0,1.0,1.0,1.0
1883,1.0,64,8,121,121,123,121,123,1.0,1.0,1.0,1.0
1884,1.0,64,8,805,805,805,805,805,1.0,1.0,1.0,1.0
1885,1.0,64,8,765,765,868,765,868,1.0,1.0,1.0,1.0
1886,1.0,64,8,144,144,144,144,144,1.0,1.0,1.0,1.0
1887,1.0,64,8,615,615,834,615,834,1.0,1.0,1.0,1.0
1888,1.0,64,8,896,896,896,896,896,1.0,1.0,1.0,1.0
1889,1.0,64,8,154,154,281,154,281,1.0,1.0,1.0,1.0
1890,1.0,64,8,415,931,930,931,930,1.0,1.0,1.0,1.0
1891,1.0,64,8,207,207,270,207,270,1.0,1.0,1.0,1.0
1892,1.0,64,8,665,665,665,665,665,1.0,1.0,1.0,1.0
1893,1.0,64,8,431,516,669,516,669,1.0,1.0,1.0,1.0
1894,1.0,64,8,978,536,724,536,724,1.0,1.0,1.0,1.0
1895,1.0,64,8,66,66,54,66,54,1.0,1.0,1.0,1.0
1896,1.0,64,8,261,261,250,261,250,1.0,1.0,1.0,1.0
1897,1.0,64,8,296,296,674,296,674,1.0,1.0,1.0,1.0
1898,1.0,64,8,750,591,38,591,38,1.0,1.0,1.0,1.0
1899,1.0,64,8,274,274,291,274,291,1.0,1.0,1.0,1.0
1900,1.0,64,8,81,288,599,288,599,1.0,1.0,1.0,1.0
1901,1.0,64,8,415,933,994,933,994,1.0,1.0,1.0,1.0
1902,1.0,64,8,895,895,744,895,744,1.0,1.0,1.0,1.0
1903,1.0,64,8,616,616,87,616,87,1.0,1.0,1.0,1.0
1904,1.0,64,8,802,802,802,802,802,1.0,1.0,1.0,1.0
1905,1.0,64,8,91,91,19,91,19,1.0,1.0,1.0,1.0
1906,1.0,64,8,961,963,963,963,963,1.0,1.0,1.0,1.0
1907,1.0,64,8,359,358,358,358,358,1.0,1.0,1.0,1.0
1908,1.0,64,8,469,469,469,469,469,1.0,1.0,1.0,1.0
1909,1.0,64,8,270,270,270,270,270,1.0,1.0,1.0,1.0
1910,1.0,64,8,132,132,132,132,132,1.0,1.0,1.0,1.0
1911,1.0,64,8,738,738,883,738,883,1.0,1.0,1.0,1.0
1912,1.0,64,8,424,585,399,585,399,1.0,1.0,1.0,1.0
1913,1.0,64,8,332,154,155,154,155,1.0,1.0,1.0,1.0
1914,1.0,64,8,162,162,207,162,207,1.0,1.0,1.0,1.0
1915,1.0,64,8,548,548,548,548,548,1.0,1.0,1.0,1.0
1916,1.0,64,8,331,331,331,331,331,1.0,1.0,1.0,1.0
1917,1.0,64,8,846,846,863,846,863,1.0,1.0,1.0,1.0
1918,1.0,64,8,624,624,800,624,800,1.0,1.0,1.0,1.0
1919,1.0,64,8,851,548,848,548,848,1.0,1.0,1.0,1.0
1920,1.0,64,8,525,646,646,646,646,1.0,1.0,1.0,1.0
1921,1.0,64,8,408,408,586,408,586,1.0,1.0,1.0,1.0
1922,1.0,64,8,661,661,679,661,679,1.0,1.0,1.0,1.0
1923,1.0,64,8,150,150,150,150,150,1.0,1.0,1.0,1.0
1924,1.0,64,8,802,802,802,802,802,1.0,1.0,1.0,1.0
1925,1.0,64,8,140,140,337,140,337,1.0,1.0,1.0,1.0
1926,1.0,64,8,488,703,870,703,870,1.0,1.0,1.0,1.0
1927,1.0,64,8,802,802,802,802,802,1.0,1.0,1.0,1.0
1928,1.0,64,8,170,170,170,170,170,1.0,1.0,1.0,1.0
1929,1.0,64,8,991,991,127,991,127,1.0,1.0,1.0,1.0
1930,1.0,64,8,656,656,685,656,685,1.0,1.0,1.0,1.0
1931,1.0,64,8,160,160,107,160,107,1.0,1.0,1.0,1.0
1932,1.0,64,8,49,49,63,49,63,1.0,1.0,1.0,1.0
1933,1.0,64,8,267,267,267,267,267,1.0,1.0,1.0,1.0
1934,1.0,64,8,177,256,256,256,256,1.0,1.0,1.0,1.0
1935,1.0,64,8,826,826,826,826,826,1.0,1.0,1.0,1.0
1936,1.0,64,8,565,565,569,565,569,1.0,1.0,1.0,1.0
1937,1.0,64,8,541,542,542,542,542,1.0,1.0,1.0,1.0
1938,1.0,64,8,594,594,594,594,594,1.0,1.0,1.0,1.0
1939,1.0,64,8,860,860,860,860,860,1.0,1.0,1.0,1.0
1940,1.0,64,8,622,622,622,622,622,1.0,1.0,1.0,1.0
1941,1.0,64,8,76,76,76,76,76,1.0,1.0,1.0,1.0
1942,1.0,64,8,222,257,257,257,257,1.0,1.0,1.0,1.0
1943,1.0,64,8,853,853,583,853,583,1.0,1.0,1.0,1.0
1944,1.0,64,8,362,357,583,357,583,1.0,1.0,1.0,1.0
1945,1.0,64,8,764,764,952,764,952,1.0,1.0,1.0,1.0
1946,1.0,64,8,825,825,649,825,649,1.0,1.0,1.0,1.0
1947,1.0,64,8,811,760,760,760,760,1.0,1.0,1.0,1.0
1948,1.0,64,8,484,484,871,484,871,1.0,1.0,1.0,1.0
1949,1.0,64,8,630,630,159,630,159,1.0,1.0,1.0,1.0
1950,1.0,64,8,125,305,36,305,36,1.0,1.0,1.0,1.0
1951,1.0,64,8,133,133,133,133,133,1.0,1.0,1.0,1.0
1952,1.0,64,8,614,775,898,775,898,1.0,1.0,1.0,1.0
1953,1.0,64,8,128,128,23,128,23,1.0,1.0,1.0,1.0
1954,1.0,64,8,798,798,798,798,798,1.0,1.0,1.0,1.0
1955,1.0,64,8,247,247,161,247,161,1.0,1.0,1.0,1.0
1956,1.0,64,8,527,527,527,527,527,1.0,1.0,1.0,1.0
1957,1.0,64,8,18,22,21,22,21,1.0,1.0,1.0,1.0
1958,1.0,64,8,238,238,238,238,238,1.0,1.0,1.0,1.0
1959,1.0,64,8,691,691,537,691,537,1.0,1.0,1.0,1.0
1960,1.0,64,8,279,279,250,279,250,1.0,1.0,1.0,1.0
1961,1.0,64,8,905,851,760,851,760,1.0,1.0,1.0,1.0
1962,1.0,64,8,387,387,387,387,387,1.0,1.0,1.0,1.0
1963,1.0,64,8,663,497,442,497,442,1.0,1.0,1.0,1.0
1964,1.0,64,8,754,485,485,485,485,1.0,1.0,1.0,1.0
1965,1.0,64,8,978,977,814,977,814,1.0,1.0,1.0,1.0
1966,1.0,64,8,797,672,19,672,19,1.0,1.0,1.0,1.0
1967,1.0,64,8,715,715,652,715,652,1.0,1.0,1.0,1.0
1968,1.0,64,8,500,500,500,500,500,1.0,1.0,1.0,1.0
1969,1.0,64,8,998,998,998,998,998,1.0,1.0,1.0,1.0
1970,1.0,64,8,868,868,787,868,787,1.0,1.0,1.0,1.0
1971,1.0,64,8,666,666,666,666,666,1.0,1.0,1.0,1.0
1972,1.0,64,8,88,88,107,88,107,1.0,1.0,1.0,1.0
1973,1.0,64,8,72,72,72,72,72,1.0,1.0,1.0,1.0
1974,1.0,64,8,276,276,730,276,730,1.0,1.0,1.0,1.0
1975,1.0,64,8,0,0,391,0,391,1.0,1.0,1.0,1.0
1976,1.0,64,8,407,734,656,734,656,1.0,1.0,1.0,1.0
1977,1.0,64,8,198,198,198,198,198,1.0,1.0,1.0,1.0
1978,1.0,64,8,855,967,455,967,455,1.0,1.0,1.0,1.0
1979,1.0,64,8,726,726,681,726,681,1.0,1.0,1.0,1.0
1980,1.0,64,8,972,972,594,972,594,1.0,1.0,1.0,1.0
1981,1.0,64,8,435,896,753,896,753,1.0,1.0,1.0,1.0
1982,1.0,64,8,300,300,303,300,303,1.0,1.0,1.0,1.0
1983,1.0,64,8,745,745,745,745,745,1.0,1.0,1.0,1.0
1984,1.0,64,8,873,873,873,873,873,1.0,1.0,1.0,1.0
1985,1.0,64,8,891,891,550,891,550,1.0,1.0,1.0,1.0
1986,1.0,64,8,143,143,138,143,138,1.0,1.0,1.0,1.0
1987,1.0,64,8,536,510,510,510,510,1.0,1.0,1.0,1.0
1988,1.0,64,8,957,957,957,957,957,1.0,1.0,1.0,1.0
1989,1.0,64,8,572,711,776,711,776,1.0,1.0,1.0,1.0
1990,1.0,64,8,555,555,555,555,555,1.0,1.0,1.0,1.0
1991,1.0,64,8,848,848,918,848,918,1.0,1.0,1.0,1.0
1992,1.0,64,8,919,919,919,919,919,1.0,1.0,1.0,1.0
1993,1.0,64,8,364,364,364,364,364,1.0,1.0,1.0,1.0
1994,1.0,64,8,145,145,81,145,81,1.0,1.0,1.0,1.0
1995,1.0,64,8,185,186,263,186,263,1.0,1.0,1.0,1.0
1996,1.0,64,8,769,467,626,467,626,1.0,1.0,1.0,1.0
1997,1.0,64,8,195,195,254,195,254,1.0,1.0,1.0,1.0
1998,1.0,64,8,437,437,510,437,510,1.0,1.0,1.0,1.0
1999,1.0,64,8,291,291,958,291,958,1.0,1.0,1.0,1.0
